,time,bid,ask,last,volume,time_msc,flags,volume_real
0,2021-11-16 05:30:00+05:30,95.502,95.962,95.374,4636449412822205465,13925,21,0.0
1,2021-11-17 05:30:00+05:30,95.912,96.242,95.695,4636440616729183257,14555,17,0.0
2,2021-11-18 05:30:00+05:30,95.787,95.815,95.477,4636422813436906308,12648,19,0.0
3,2021-11-19 05:30:00+05:30,95.532,96.218,95.529,4636458771865181094,15362,41,0.0
4,2021-11-21 05:30:00+05:30,95.993,96.12,95.992,4636463416202296820,680,8,0.0
5,2021-11-22 05:30:00+05:30,96.112,96.524,96.008,4636486848994107982,15483,15,0.0
6,2021-11-23 05:30:00+05:30,96.444,96.586,96.28,4636490297062572687,15621,15,0.0
7,2021-11-24 05:30:00+05:30,96.494,96.915,96.408,4636512252110756119,15481,14,0.0
8,2021-11-25 05:30:00+05:30,96.802,96.804,96.625,4636508311461082169,8007,23,0.0
9,2021-11-26 05:30:00+05:30,96.75,96.759,94.89,4636439138985555526,22378,27,0.0
10,2021-11-28 05:30:00+05:30,96.089,96.244,96.04,4636467708695691657,1644,0,0.0
11,2021-11-29 05:30:00+05:30,96.176,96.42,96.109,4636467567958203302,15835,13,0.0
12,2021-11-30 05:30:00+05:30,96.171,96.632,95.518,4636451594253274972,21432,1,0.0
13,2021-12-01 05:30:00+05:30,95.943,96.112,95.643,4636457083015320830,18075,4,0.0
14,2021-12-02 05:30:00+05:30,96.02,96.15,95.797,4636460319977553002,15155,31,0.0
15,2021-12-03 05:30:00+05:30,96.067,96.424,95.916,4636464682839692018,16507,45,0.0
16,2021-12-05 05:30:00+05:30,96.153,96.186,96.005,4636466934639505703,1080,20,0.0
17,2021-12-06 05:30:00+05:30,96.162,96.404,96.096,4636474112251411825,12072,12,0.0
18,2021-12-07 05:30:00+05:30,96.263,96.567,96.144,4636473690038946759,12219,29,0.0
19,2021-12-08 05:30:00+05:30,96.253,96.355,95.822,4636449694297182175,13798,21,0.0
20,2021-12-09 05:30:00+05:30,95.916,96.315,95.915,4636468693858110145,11223,27,0.0
21,2021-12-10 05:30:00+05:30,96.185,96.402,95.949,4636457364490297541,11098,49,0.0
22,2021-12-12 05:30:00+05:30,96.052,96.086,96.018,4636461094033738957,688,7,0.0
23,2021-12-13 05:30:00+05:30,96.079,96.423,96.055,4636479389907225149,10280,22,0.0
24,2021-12-14 05:30:00+05:30,96.338,96.562,96.07,4636493463656060682,10539,23,0.0
25,2021-12-15 05:30:00+05:30,96.537,96.894,96.269,4636480234332155281,14147,8,0.0
26,2021-12-16 05:30:00+05:30,96.348,96.422,95.822,4636452016465740038,14140,2,0.0
27,2021-12-17 05:30:00+05:30,95.949,96.664,95.85,4636501696799129469,11840,48,0.0
28,2021-12-19 05:30:00+05:30,96.625,96.664,96.59,4636498459836897296,692,32,0.0
29,2021-12-20 05:30:00+05:30,96.609,96.652,96.308,4636490156325084332,12153,19,0.0
30,2021-12-21 05:30:00+05:30,96.489,96.614,96.312,4636485019406759363,11191,8,0.0
31,2021-12-22 05:30:00+05:30,96.416,96.577,95.993,4636461516246204023,10874,3,0.0
32,2021-12-23 05:30:00+05:30,96.085,96.253,95.963,4636461234771227312,9543,5,0.0
33,2021-12-24 05:30:00+05:30,96.077,96.083,95.868,4636452016465740038,8314,52,0.0
34,2021-12-26 05:30:00+05:30,96.116,96.159,96.031,4636460601452529713,802,7,0.0
35,2021-12-27 05:30:00+05:30,96.071,96.232,96.02,4636457645965274251,6929,22,0.0
36,2021-12-28 05:30:00+05:30,96.026,96.254,95.969,4636463064358575931,7635,0,0.0
37,2021-12-29 05:30:00+05:30,96.106,96.367,95.737,4636441601891601744,9146,16,0.0
38,2021-12-30 05:30:00+05:30,95.799,96.199,95.799,4636454127528065368,9162,23,0.0
39,2021-12-31 05:30:00+05:30,95.98,96.081,95.544,4636425628186673414,8035,51,0.0
40,2022-01-02 05:30:00+05:30,95.633,95.67,95.565,4636431328054951805,664,0,0.0
41,2022-01-03 05:30:00+05:30,95.654,96.301,95.629,4636467638326947480,11012,9,0.0
42,2022-01-04 05:30:00+05:30,96.169,96.435,96.0,4636474886307597779,12384,21,0.0
43,2022-01-05 05:30:00+05:30,96.272,96.308,95.858,4636466793902017348,12354,22,0.0
44,2022-01-06 05:30:00+05:30,96.158,96.366,96.002,4636472282664063205,13768,30,0.0
45,2022-01-07 05:30:00+05:30,96.236,96.272,95.684,4636435268704625754,11088,49,0.0
46,2022-01-09 05:30:00+05:30,95.756,95.796,95.701,4636439138985555526,1516,16,0.0
47,2022-01-10 05:30:00+05:30,95.766,96.208,95.73,4636449623928437998,24424,3,0.0
48,2022-01-11 05:30:00+05:30,95.915,96.049,95.546,4636427387405277856,24257,30,0.0
49,2022-01-12 05:30:00+05:30,95.598,95.666,94.879,4636383969890120237,23946,37,0.0
50,2022-01-13 05:30:00+05:30,94.981,94.996,94.627,4636372288678586745,24611,31,0.0
51,2022-01-14 05:30:00+05:30,94.813,95.242,94.601,4636394665939235242,25835,40,0.0
52,2022-01-16 05:30:00+05:30,95.121,95.198,95.071,4636396354789095506,1475,36,0.0
53,2022-01-17 05:30:00+05:30,95.166,95.324,94.993,4636399239907606790,18754,15,0.0
54,2022-01-18 05:30:00+05:30,95.197,95.805,95.101,4636433439117277135,29717,21,0.0
55,2022-01-19 05:30:00+05:30,95.682,95.767,95.465,4636425346711696703,27099,14,0.0
56,2022-01-20 05:30:00+05:30,95.575,95.837,95.392,4636437309398206906,26919,25,0.0
57,2022-01-21 05:30:00+05:30,95.738,95.815,95.465,4636428161461463810,27024,48,0.0
58,2022-01-23 05:30:00+05:30,95.613,95.648,95.585,4636429428098859008,1769,29,0.0
59,2022-01-24 05:30:00+05:30,95.626,96.108,95.626,4636446738809926713,29099,19,0.0
60,2022-01-25 05:30:00+05:30,95.872,96.248,95.868,4636451594253274972,27880,0,0.0
61,2022-01-26 05:30:00+05:30,95.94,96.515,95.885,4636487834156526469,27798,31,0.0
62,2022-01-27 05:30:00+05:30,96.458,97.273,96.452,4636540329239683006,31977,14,0.0
63,2022-01-28 05:30:00+05:30,97.203,97.417,97.029,4636539414446008697,29068,49,0.0
64,2022-01-30 05:30:00+05:30,97.197,97.253,97.159,4636537655227404255,1358,45,0.0
65,2022-01-31 05:30:00+05:30,97.163,97.233,96.488,4636500922742943515,27252,16,0.0
66,2022-02-01 05:30:00+05:30,96.644,96.697,96.208,4636472493770295738,26426,17,0.0
67,2022-02-02 05:30:00+05:30,96.239,96.276,95.768,4636455886746669810,23852,17,0.0
68,2022-02-03 05:30:00+05:30,96.003,96.232,95.207,4636408810056814952,28863,8,0.0
69,2022-02-04 05:30:00+05:30,95.332,95.679,95.111,4636416691356162851,28384,47,0.0
70,2022-02-06 05:30:00+05:30,95.382,95.434,95.382,4636414298818860810,1450,13,0.0
71,2022-02-07 05:30:00+05:30,95.412,95.609,95.328,4636412398862768013,26297,14,0.0
72,2022-02-08 05:30:00+05:30,95.383,95.727,95.371,4636426331874115191,24489,12,0.0
73,2022-02-09 05:30:00+05:30,95.565,95.651,95.353,4636424220811789861,21484,16,0.0
74,2022-02-10 05:30:00+05:30,95.553,95.986,95.145,4636439490829276414,29948,28,0.0
75,2022-02-11 05:30:00+05:30,95.768,96.094,95.612,4636456097852902343,32424,47,0.0
76,2022-02-13 05:30:00+05:30,96.034,96.055,95.888,4636449342453461287,2104,4,0.0
77,2022-02-14 05:30:00+05:30,95.91,96.419,95.879,4636474041882667647,32488,9,0.0
78,2022-02-15 05:30:00+05:30,96.259,96.275,95.929,4636454549740530434,28037,25,0.0
79,2022-02-16 05:30:00+05:30,95.985,96.037,95.648,4636441038941648323,26551,5,0.0
80,2022-02-17 05:30:00+05:30,95.799,96.086,95.677,4636440124147974013,31931,31,0.0
81,2022-02-18 05:30:00+05:30,95.78,96.141,95.698,4636461234771227312,25896,45,0.0
82,2022-02-20 05:30:00+05:30,96.091,96.104,96.046,4636463134727320109,1605,6,0.0
83,2022-02-21 05:30:00+05:30,96.104,96.161,95.641,4636462149564901622,23839,12,0.0
84,2022-02-22 05:30:00+05:30,96.101,96.237,95.805,4636458631127692739,31022,16,0.0
85,2022-02-23 05:30:00+05:30,96.043,96.212,95.821,4636466512427040637,25935,11,0.0
86,2022-02-24 05:30:00+05:30,96.159,97.717,96.157,4636530970196707377,47286,4,0.0
87,2022-02-25 05:30:00+05:30,97.071,97.202,96.494,4636491985912432951,35001,46,0.0
88,2022-02-27 05:30:00+05:30,97.366,97.369,97.082,4636534207158939550,3499,0,0.0
89,2022-02-28 05:30:00+05:30,97.122,97.401,96.582,4636506130030012662,38635,26,0.0
90,2022-03-01 05:30:00+05:30,96.72,97.557,96.6,4636546662426658996,35419,10,0.0
91,2022-03-02 05:30:00+05:30,97.293,97.809,97.253,4636553065982379164,37767,11,0.0
92,2022-03-03 05:30:00+05:30,97.394,97.937,97.368,4636575091399306772,32168,41,0.0
93,2022-03-04 05:30:00+05:30,97.695,98.914,97.695,4636631104919672193,38603,37,0.0
94,2022-03-06 05:30:00+05:30,98.529,98.921,98.503,4636656789511297040,2561,30,0.0
95,2022-03-07 05:30:00+05:30,98.866,99.399,98.625,4636676352022178431,46227,37,0.0
96,2022-03-08 05:30:00+05:30,99.146,99.303,98.68,4636673185428690436,45052,23,0.0
97,2022-03-09 05:30:00+05:30,99.091,99.106,97.826,4636592261372886122,37423,8,0.0
98,2022-03-10 05:30:00+05:30,97.947,98.57,97.677,4636619494076882878,38147,27,0.0
99,2022-03-11 05:30:00+05:30,98.325,99.133,98.222,4636670581785155863,35425,44,0.0
100,2022-03-13 05:30:00+05:30,99.037,99.063,98.949,4636666218923016847,2342,49,0.0
101,2022-03-14 05:30:00+05:30,98.988,99.273,98.656,4636672341003760304,35230,18,0.0
102,2022-03-15 05:30:00+05:30,99.078,99.177,98.594,4636660026473529213,35640,24,0.0
103,2022-03-16 05:30:00+05:30,98.898,99.059,98.262,4636628853119858508,38221,29,0.0
104,2022-03-17 05:30:00+05:30,98.458,98.47,97.699,4636592261372886122,31868,32,0.0
105,2022-03-18 05:30:00+05:30,97.938,98.601,97.805,4636610557246372315,29145,46,0.0
106,2022-03-20 05:30:00+05:30,98.18,98.294,98.162,4636616679327115772,1678,18,0.0
107,2022-03-21 05:30:00+05:30,98.287,98.503,98.128,4636629627176044462,27590,29,0.0
108,2022-03-22 05:30:00+05:30,98.47,98.941,98.294,4636630893813439660,32614,15,0.0
109,2022-03-23 05:30:00+05:30,98.487,98.862,98.361,4636639408431485157,28936,25,0.0
110,2022-03-24 05:30:00+05:30,98.61,98.944,98.566,4636645108299763548,30344,19,0.0
111,2022-03-25 05:30:00+05:30,98.69,98.811,98.371,4636651160011762827,30161,47,0.0
112,2022-03-27 05:30:00+05:30,98.778,98.855,98.745,4636654819186460066,1987,19,0.0
113,2022-03-28 05:30:00+05:30,98.827,99.346,98.792,4636670722522644218,36165,21,0.0
114,2022-03-29 05:30:00+05:30,99.054,99.274,98.002,4636624208782742782,38640,17,0.0
115,2022-03-30 05:30:00+05:30,98.395,98.409,97.656,4636582902329910493,35978,31,0.0
116,2022-03-31 05:30:00+05:30,97.806,98.373,97.66,4636617171908325016,35916,33,0.0
117,2022-04-01 05:30:00+05:30,98.293,98.721,98.282,4636634130775671833,29551,46,0.0
118,2022-04-03 05:30:00+05:30,98.615,98.633,98.566,4636637789950369071,1953,2,0.0
119,2022-04-04 05:30:00+05:30,98.586,99.058,98.493,4636664037491947340,26712,11,0.0
120,2022-04-05 05:30:00+05:30,98.956,99.499,98.81,4636699151495291994,28409,29,0.0
121,2022-04-06 05:30:00+05:30,99.458,99.752,99.285,4636710058650639532,33097,16,0.0
122,2022-04-07 05:30:00+05:30,99.612,99.872,99.363,4636726173093056217,30910,29,0.0
123,2022-04-08 05:30:00+05:30,99.842,100.165,99.712,4636723850924498354,26392,48,0.0
124,2022-04-10 05:30:00+05:30,99.6,99.789,99.57,4636722443549614801,2610,32,0.0
125,2022-04-11 05:30:00+05:30,99.789,100.025,99.586,4636738276517054775,29859,10,0.0
126,2022-04-12 05:30:00+05:30,100.015,100.329,99.708,4636758753821610476,32036,10,0.0
127,2022-04-13 05:30:00+05:30,100.305,100.5,99.749,4636720332487289471,31653,1,0.0
128,2022-04-14 05:30:00+05:30,99.76,100.742,99.543,4636760583408959095,34376,12,0.0
129,2022-04-15 05:30:00+05:30,100.331,100.504,100.276,4636762975946261135,21892,89,0.0
130,2022-04-17 05:30:00+05:30,100.523,100.552,100.418,4636771772039283343,2457,31,0.0
131,2022-04-18 05:30:00+05:30,100.49,100.84,100.476,4636792741925048287,23421,25,0.0
132,2022-04-19 05:30:00+05:30,100.789,101.005,100.661,4636803578711651647,33151,28,0.0
133,2022-04-20 05:30:00+05:30,100.941,101.012,100.189,4636759527877796430,35128,4,0.0
134,2022-04-21 05:30:00+05:30,100.319,100.614,99.788,4636779934813607952,35873,14,0.0
135,2022-04-22 05:30:00+05:30,100.605,101.31,100.437,4636813008123371454,33567,29,0.0
136,2022-04-24 05:30:00+05:30,101.037,101.144,100.971,4636811248904767013,2910,30,0.0
137,2022-04-25 05:30:00+05:30,101.051,101.835,101.028,4636855370107366408,40247,22,0.0
138,2022-04-26 05:30:00+05:30,101.679,102.338,101.482,4636897591353873007,36767,27,0.0
139,2022-04-27 05:30:00+05:30,102.278,103.261,102.195,4636946356893588128,38690,27,0.0
140,2022-04-28 05:30:00+05:30,102.973,103.916,102.972,4636991252152373477,42833,17,0.0
141,2022-04-29 05:30:00+05:30,103.608,103.618,102.782,4636960008429958595,37127,50,0.0
142,2022-05-01 05:30:00+05:30,103.092,103.266,103.078,4636966763829399650,2973,26,0.0
143,2022-05-02 05:30:00+05:30,103.26,103.723,103.08,4636987100396466995,33567,11,0.0
144,2022-05-03 05:30:00+05:30,103.549,103.653,102.997,4636977952459723899,33719,22,0.0
145,2022-05-04 05:30:00+05:30,103.422,103.62,102.423,4636915113171173245,37788,26,0.0
146,2022-05-05 05:30:00+05:30,102.526,103.925,102.316,4636987311502699528,42258,9,0.0
147,2022-05-06 05:30:00+05:30,103.553,104.047,103.158,4636991955839815254,42463,49,0.0
148,2022-05-08 05:30:00+05:30,103.637,103.781,103.609,4637002300045209371,2503,26,0.0
149,2022-05-09 05:30:00+05:30,103.767,104.166,103.363,4636995896489489203,40834,1,0.0
150,2022-05-10 05:30:00+05:30,103.676,103.957,103.472,4637012855356836020,40928,12,0.0
151,2022-05-11 05:30:00+05:30,103.916,104.111,103.341,4637019047806323655,41749,1,0.0
152,2022-05-12 05:30:00+05:30,104.003,104.905,103.85,4637071613258224370,44748,43,0.0
153,2022-05-13 05:30:00+05:30,104.751,104.995,104.444,4637051065584924492,34924,46,0.0
154,2022-05-15 05:30:00+05:30,104.5,104.571,104.408,4637057046928179593,2911,7,0.0
155,2022-05-16 05:30:00+05:30,104.54,104.62,104.111,4637028617955531817,34302,24,0.0
156,2022-05-17 05:30:00+05:30,104.14,104.206,103.196,4636968382310515737,36392,25,0.0
157,2022-05-18 05:30:00+05:30,103.284,103.912,103.16,4637003425945116213,35409,16,0.0
158,2022-05-19 05:30:00+05:30,103.782,103.859,102.63,4636940938500286448,41862,22,0.0
159,2022-05-20 05:30:00+05:30,102.893,103.238,102.742,4636948538324657635,35072,31,0.0
160,2022-05-22 05:30:00+05:30,102.996,103.02,102.855,4636943331037588488,2396,50,0.0
161,2022-05-23 05:30:00+05:30,102.928,102.928,102.001,4636886332354804580,34152,21,0.0
162,2022-05-24 05:30:00+05:30,102.117,102.291,101.617,4636859099650807824,35484,4,0.0
163,2022-05-25 05:30:00+05:30,101.732,102.427,101.7,4636880280642805301,36997,0,0.0
164,2022-05-26 05:30:00+05:30,102.034,102.244,101.683,4636857129325970850,33239,13,0.0
165,2022-05-27 05:30:00+05:30,101.7,101.916,101.406,4636851007245227393,29440,43,0.0
166,2022-05-29 05:30:00+05:30,101.621,101.7,101.588,4636855370107366408,1813,33,0.0
167,2022-05-30 05:30:00+05:30,101.678,101.683,101.06,4636835596490252485,24810,27,0.0
168,2022-05-31 05:30:00+05:30,101.395,102.147,101.391,4636859732969505423,36205,23,0.0
169,2022-06-01 05:30:00+05:30,101.738,102.713,101.738,4636916027964847555,33795,11,0.0
170,2022-06-02 05:30:00+05:30,102.54,102.595,101.699,4636858607069598581,29724,10,0.0
171,2022-06-03 05:30:00+05:30,101.724,102.202,101.616,4636887317517223068,26295,50,0.0
172,2022-06-05 05:30:00+05:30,102.143,102.159,102.049,4636884362029967606,2055,16,0.0
173,2022-06-06 05:30:00+05:30,102.092,102.498,101.822,4636909835515359920,28555,11,0.0
174,2022-06-07 05:30:00+05:30,102.453,102.817,102.231,4636905613390709260,33725,22,0.0
175,2022-06-08 05:30:00+05:30,102.39,102.755,102.239,4636916379808568443,33531,27,0.0
176,2022-06-09 05:30:00+05:30,102.545,103.34,102.118,4636968241573027381,37756,20,0.0
177,2022-06-10 05:30:00+05:30,103.282,104.206,103.022,4637030095699159548,36410,45,0.0
178,2022-06-12 05:30:00+05:30,104.161,104.463,104.14,4637049165628831695,3837,22,0.0
179,2022-06-13 05:30:00+05:30,104.429,105.267,104.386,4637096664531151618,43906,20,0.0
180,2022-06-14 05:30:00+05:30,105.108,105.633,104.586,4637108416111429288,46240,4,0.0
181,2022-06-15 05:30:00+05:30,105.273,105.774,104.628,4637073161370596278,52232,22,0.0
182,2022-06-16 05:30:00+05:30,104.772,105.483,103.386,4637009055444650426,50275,14,0.0
183,2022-06-17 05:30:00+05:30,103.861,105.073,103.804,4637063309746411405,45047,43,0.0
184,2022-06-19 05:30:00+05:30,104.653,104.774,104.585,4637065843021201801,3171,45,0.0
185,2022-06-20 05:30:00+05:30,104.669,104.711,104.202,4637048461941389918,32804,24,0.0
186,2022-06-21 05:30:00+05:30,104.423,104.513,103.91,4637047547147715609,36841,25,0.0
187,2022-06-22 05:30:00+05:30,104.407,104.928,103.829,4637032769711438299,40059,22,0.0
188,2022-06-23 05:30:00+05:30,104.198,104.753,104.028,4637045365716646101,43444,24,0.0
189,2022-06-24 05:30:00+05:30,104.377,104.491,103.919,4637025169887067111,34685,43,0.0
190,2022-06-26 05:30:00+05:30,104.074,104.076,103.936,4637018836700091122,2797,50,0.0
191,2022-06-27 05:30:00+05:30,104.001,104.194,103.642,4637014966419161350,36131,28,0.0
192,2022-06-28 05:30:00+05:30,103.945,104.588,103.731,4637050361897482715,36753,38,0.0
193,2022-06-29 05:30:00+05:30,104.448,105.126,104.33,4637092090562780070,38833,24,0.0
194,2022-06-30 05:30:00+05:30,105.042,105.519,104.615,4637070135514596639,40176,13,0.0
195,2022-07-01 05:30:00+05:30,104.728,105.627,104.728,4637095257156268065,38504,38,0.0
196,2022-07-03 05:30:00+05:30,105.131,105.152,104.985,4637091386875338293,3060,0,0.0
197,2022-07-04 05:30:00+05:30,105.034,105.231,104.785,4637096242318686552,28606,23,0.0
198,2022-07-05 05:30:00+05:30,105.102,106.771,105.024,4637195673354209591,42118,17,0.0
199,2022-07-06 05:30:00+05:30,106.516,107.256,106.311,4637233039157367931,44839,11,0.0
200,2022-07-07 05:30:00+05:30,107.043,107.214,106.687,4637228324451508027,39492,5,0.0
201,2022-07-08 05:30:00+05:30,106.977,107.781,106.775,4637220513520904307,40137,44,0.0
202,2022-07-10 05:30:00+05:30,106.95,107.063,106.824,4637233250263600464,3032,20,0.0
203,2022-07-11 05:30:00+05:30,107.048,108.244,107.048,4637309811457265762,39847,31,0.0
204,2022-07-12 05:30:00+05:30,108.138,108.541,107.811,4637313118788242113,43453,15,0.0
205,2022-07-13 05:30:00+05:30,108.187,108.572,107.442,4637317340912892772,47114,6,0.0
206,2022-07-14 05:30:00+05:30,108.243,109.277,108.169,4637338451536146072,47453,8,0.0
207,2022-07-15 05:30:00+05:30,108.543,108.695,107.886,4637296230289639473,38747,48,0.0
208,2022-07-17 05:30:00+05:30,107.986,108.01,107.824,4637288137884059042,2451,0,0.0
209,2022-07-18 05:30:00+05:30,107.827,107.939,106.854,4637259075592713667,38843,0,0.0
210,2022-07-19 05:30:00+05:30,107.414,107.612,106.343,4637205524978394464,41691,0,0.0
211,2022-07-20 05:30:00+05:30,106.653,107.231,106.34,4637233109526112109,39849,2,0.0
212,2022-07-21 05:30:00+05:30,107.048,107.346,106.375,4637200951010022916,45692,3,0.0
213,2022-07-22 05:30:00+05:30,106.59,107.348,106.076,4637195602985465414,41630,42,0.0
214,2022-07-24 05:30:00+05:30,106.547,106.685,106.481,4637207636040719794,2709,12,0.0
215,2022-07-25 05:30:00+05:30,106.684,106.862,106.15,4637188073529838404,38279,30,0.0
216,2022-07-26 05:30:00+05:30,106.403,107.263,106.165,4637238246444437078,37248,5,0.0
217,2022-07-27 05:30:00+05:30,107.123,107.406,106.232,4637183006980257612,41813,3,0.0
218,2022-07-28 05:30:00+05:30,106.333,106.958,106.029,4637172944249840206,45038,11,0.0
219,2022-07-29 05:30:00+05:30,106.19,106.649,105.508,4637145359702122562,41991,49,0.0
220,2022-07-31 05:30:00+05:30,105.867,106.001,105.781,4637156337226214277,3178,32,0.0
221,2022-08-01 05:30:00+05:30,105.955,105.98,105.211,4637112497498591592,40643,1,0.0
222,2022-08-02 05:30:00+05:30,105.327,106.438,105.011,4637188847586024358,46521,15,0.0
223,2022-08-03 05:30:00+05:30,106.414,106.798,105.944,4637191662335791464,43112,9,0.0
224,2022-08-04 05:30:00+05:30,106.46,106.493,105.641,4637137267296542130,40355,24,0.0
225,2022-08-05 05:30:00+05:30,105.681,106.913,105.67,4637196588147883901,36871,49,0.0
226,2022-08-07 05:30:00+05:30,106.584,106.647,106.548,4637203836128534200,2736,40,0.0
227,2022-08-08 05:30:00+05:30,106.63,106.783,106.066,4637180825549188104,35156,4,0.0
228,2022-08-09 05:30:00+05:30,106.303,106.384,105.942,4637182444030304190,32222,19,0.0
229,2022-08-10 05:30:00+05:30,106.327,106.38,104.609,4637103419930592674,36876,23,0.0
230,2022-08-11 05:30:00+05:30,105.203,105.438,104.61,4637096664531151618,37774,21,0.0
231,2022-08-12 05:30:00+05:30,105.108,105.861,105.054,4637134100703054135,33360,32,0.0
232,2022-08-14 05:30:00+05:30,105.666,105.682,105.604,4637137126559053775,2328,0,0.0
233,2022-08-15 05:30:00+05:30,105.683,106.527,105.526,4637190888279605510,34298,0,0.0
234,2022-08-16 05:30:00+05:30,106.446,106.922,106.285,4637191943810768175,35006,21,0.0
235,2022-08-17 05:30:00+05:30,106.461,106.874,106.275,4637203273178580779,38442,21,0.0
236,2022-08-18 05:30:00+05:30,106.622,107.554,106.477,4637262734767410905,36659,4,0.0
237,2022-08-19 05:30:00+05:30,107.467,108.191,107.458,4637304956013917503,33056,48,0.0
238,2022-08-21 05:30:00+05:30,107.993,108.18,107.932,4637309389244800696,2808,49,0.0
239,2022-08-22 05:30:00+05:30,108.131,109.081,108.055,4637368569358654112,36248,38,0.0
240,2022-08-23 05:30:00+05:30,108.971,109.251,108.036,4637337677479960117,40957,29,0.0
241,2022-08-24 05:30:00+05:30,108.532,109.093,108.328,4637343306979494330,38256,27,0.0
242,2022-08-25 05:30:00+05:30,108.612,108.679,107.956,4637332399824146792,38713,27,0.0
243,2022-08-26 05:30:00+05:30,108.458,108.851,107.508,4637356043722190488,38017,39,0.0
244,2022-08-28 05:30:00+05:30,108.816,109.173,108.807,4637381798682559513,3354,27,0.0
245,2022-08-29 05:30:00+05:30,109.158,109.456,108.454,4637344573616889528,40111,2,0.0
246,2022-08-30 05:30:00+05:30,108.63,109.095,108.24,4637351962335028183,41791,33,0.0
247,2022-08-31 05:30:00+05:30,108.736,109.184,108.347,4637359069578190127,42359,2,0.0
248,2022-09-01 05:30:00+05:30,108.836,109.974,108.729,4637411072080137421,42516,20,0.0
249,2022-09-02 05:30:00+05:30,109.576,109.699,108.907,4637409453599021335,39592,47,0.0
250,2022-09-04 05:30:00+05:30,109.738,110.015,109.616,4637441752852598882,4297,0,0.0
251,2022-09-05 05:30:00+05:30,110.011,110.256,109.53,4637411142448881598,34414,1,0.0
252,2022-09-06 05:30:00+05:30,109.57,110.549,109.351,4637463356057061425,45247,0,0.0
253,2022-09-07 05:30:00+05:30,110.317,110.775,109.488,4637417264529625055,44605,6,0.0
254,2022-09-08 05:30:00+05:30,109.662,110.23,109.306,4637405372211859030,45613,18,0.0
255,2022-09-09 05:30:00+05:30,109.493,109.515,108.326,4637366106452607894,40358,24,0.0
256,2022-09-11 05:30:00+05:30,108.522,108.833,108.502,4637352173441260716,3039,49,0.0
257,2022-09-12 05:30:00+05:30,108.739,108.84,107.781,4637313963213172244,39839,1,0.0
258,2022-09-13 05:30:00+05:30,108.195,110.032,107.65,4637427256891298284,44165,31,0.0
259,2022-09-14 05:30:00+05:30,109.804,109.91,109.246,4637411001711393243,45429,1,0.0
260,2022-09-15 05:30:00+05:30,109.574,109.905,109.383,4637425286566461309,38686,0,0.0
261,2022-09-16 05:30:00+05:30,109.777,110.243,109.443,4637407553642928538,39093,47,0.0
262,2022-09-18 05:30:00+05:30,109.569,109.713,109.457,4637407624011672715,3004,48,0.0
263,2022-09-19 05:30:00+05:30,109.526,110.156,109.455,4637406920324230939,35690,16,0.0
264,2022-09-20 05:30:00+05:30,109.515,110.271,109.326,4637451252633062867,40719,1,0.0
265,2022-09-21 05:30:00+05:30,110.146,111.593,110.1,4637542943106726363,49178,2,0.0
266,2022-09-22 05:30:00+05:30,111.445,111.799,110.398,4637525702764402835,56085,0,0.0
267,2022-09-23 05:30:00+05:30,111.204,113.214,111.05,4637651240604015788,48327,34,0.0
268,2022-09-25 05:30:00+05:30,113.21,113.231,112.865,4637660881121968128,4888,0,0.0
269,2022-09-26 05:30:00+05:30,113.124,114.66,113.013,4637712602148938711,71127,18,0.0
270,2022-09-27 05:30:00+05:30,113.857,114.457,113.294,4637731038759913259,53247,1,0.0
271,2022-09-28 05:30:00+05:30,114.122,114.768,112.459,4637654125722527072,63728,41,0.0
272,2022-09-29 05:30:00+05:30,113.028,113.772,111.617,4637566164792304992,58054,6,0.0
273,2022-09-30 05:30:00+05:30,111.778,112.656,111.533,4637592060490162373,54291,37,0.0
274,2022-10-02 05:30:00+05:30,112.137,112.252,112.009,4637596212246068855,3647,23,0.0
275,2022-10-03 05:30:00+05:30,112.206,112.527,111.436,4637549557768679064,52878,21,0.0
276,2022-10-04 05:30:00+05:30,111.538,111.867,110.029,4637452448901713887,51863,8,0.0
277,2022-10-05 05:30:00+05:30,110.163,111.728,110.064,4637504732878637892,50472,4,0.0
278,2022-10-06 05:30:00+05:30,110.907,112.294,110.752,4637598252939650007,50911,2,0.0
279,2022-10-07 05:30:00+05:30,112.236,112.859,111.92,4637632170674343641,46493,34,0.0
280,2022-10-09 05:30:00+05:30,112.717,112.859,112.696,4637637589067645321,3885,33,0.0
281,2022-10-10 05:30:00+05:30,112.793,113.332,112.588,4637655040516201382,44768,18,0.0
282,2022-10-11 05:30:00+05:30,113.04,113.492,112.384,4637674462289594417,52308,8,0.0
283,2022-10-12 05:30:00+05:30,113.318,113.572,112.971,4637667284677688295,52393,21,0.0
284,2022-10-13 05:30:00+05:30,113.221,113.911,112.118,4637621193150251926,54388,13,0.0
285,2022-10-14 05:30:00+05:30,112.566,113.401,112.121,4637666932833967407,52480,46,0.0
286,2022-10-16 05:30:00+05:30,113.172,113.213,112.949,4637654618303736316,4330,32,0.0
287,2022-10-17 05:30:00+05:30,113.035,113.199,111.894,4637585797671930561,48025,5,0.0
288,2022-10-18 05:30:00+05:30,112.056,112.436,111.746,4637577705266350129,50210,18,0.0
289,2022-10-19 05:30:00+05:30,111.945,113.076,111.898,4637648777697969570,47874,26,0.0
290,2022-10-20 05:30:00+05:30,112.95,113.074,112.136,4637645399998249042,50899,1,0.0
291,2022-10-21 05:30:00+05:30,112.9,113.929,111.668,4637567079585979302,60869,46,0.0
292,2022-10-23 05:30:00+05:30,111.621,112.252,111.323,4637568064748397789,7529,30,0.0
293,2022-10-24 05:30:00+05:30,111.807,112.518,111.728,4637570738760676540,54837,31,0.0
294,2022-10-25 05:30:00+05:30,111.842,112.113,110.732,4637505647672312201,47762,40,0.0
295,2022-10-26 05:30:00+05:30,110.917,111.114,109.541,4637408679542835380,50151,10,0.0
296,2022-10-27 05:30:00+05:30,109.541,110.597,109.504,4637477992755850379,51533,21,0.0
297,2022-10-28 05:30:00+05:30,110.521,111.046,110.262,4637486014792686633,46230,40,0.0
298,2022-10-30 05:30:00+05:30,110.703,110.804,110.658,4637496640473057460,3520,48,0.0
299,2022-10-31 05:30:00+05:30,110.791,111.646,110.695,4637548150393795510,41289,10,0.0
300,2022-11-01 05:30:00+05:30,111.523,111.761,110.676,4637544069006633206,45698,10,0.0
301,2022-11-02 05:30:00+05:30,111.465,112.183,110.384,4637590653115278819,49501,22,0.0
302,2022-11-03 05:30:00+05:30,112.125,113.135,111.79,4637648777697969570,47311,20,0.0
303,2022-11-04 05:30:00+05:30,112.948,112.971,110.684,4637494459041987953,49249,43,0.0
304,2022-11-06 05:30:00+05:30,111.162,111.229,110.942,4637515991877706318,3166,0,0.0
305,2022-11-07 05:30:00+05:30,111.082,111.261,110.022,4637453645170364908,46865,1,0.0
306,2022-11-08 05:30:00+05:30,110.181,110.606,109.339,4637404668524417253,44687,15,0.0
307,2022-11-09 05:30:00+05:30,109.501,110.624,109.424,4637463356057061425,49829,10,0.0
308,2022-11-10 05:30:00+05:30,110.309,110.973,107.679,4637305378226382569,55371,19,0.0
309,2022-11-11 05:30:00+05:30,108.081,108.425,106.253,4637185047673838764,52376,48,0.0
310,2022-11-13 05:30:00+05:30,106.573,106.851,106.544,4637208410096905748,3299,0,0.0
311,2022-11-14 05:30:00+05:30,106.712,107.255,106.435,4637224594908066611,50076,6,0.0
312,2022-11-15 05:30:00+05:30,106.936,107.086,105.273,4637186947629931561,57492,17,0.0
313,2022-11-16 05:30:00+05:30,106.398,106.767,105.819,4637177025637002510,52892,22,0.0
314,2022-11-17 05:30:00+05:30,106.247,107.223,106.056,4637207917515696505,47433,33,0.0
315,2022-11-18 05:30:00+05:30,106.687,107.019,106.308,4637225931914205987,41594,23,0.0
316,2022-11-20 05:30:00+05:30,106.935,106.947,106.824,4637219739464718352,2046,24,0.0
317,2022-11-21 05:30:00+05:30,106.868,107.975,106.851,4637282508384524829,42876,24,0.0
318,2022-11-22 05:30:00+05:30,107.743,107.793,107.051,4637233461369832997,38920,31,0.0
319,2022-11-23 05:30:00+05:30,107.068,107.206,105.887,4637152115101563617,42044,22,0.0
320,2022-11-24 05:30:00+05:30,105.887,106.047,105.606,4637147963345657135,35232,33,0.0
321,2022-11-25 05:30:00+05:30,105.836,106.404,105.66,4637150144776726643,37589,48,0.0
322,2022-11-27 05:30:00+05:30,106.17,106.314,106.151,4637181599605374058,2340,8,0.0
323,2022-11-28 05:30:00+05:30,106.32,106.725,105.289,4637201232484999627,45264,27,0.0
324,2022-11-29 05:30:00+05:30,106.583,106.864,106.028,4637217839508625555,46280,13,0.0
325,2022-11-30 05:30:00+05:30,106.836,107.179,105.711,4637142122739890389,49334,9,0.0
326,2022-12-01 05:30:00+05:30,105.761,105.886,104.516,4637062817165202162,50949,2,0.0
327,2022-12-02 05:30:00+05:30,104.627,105.581,104.345,4637052402591063867,46256,41,0.0
328,2022-12-04 05:30:00+05:30,104.522,104.577,104.445,4637050080422506004,2132,23,0.0
329,2022-12-05 05:30:00+05:30,104.447,105.379,104.088,4637103842143057740,44236,29,0.0
330,2022-12-06 05:30:00+05:30,105.201,105.607,104.864,4637124952766311039,43671,25,0.0
331,2022-12-07 05:30:00+05:30,105.52,105.805,104.839,4637096946006128329,44818,16,0.0
332,2022-12-08 05:30:00+05:30,105.11,105.41,104.689,4637073020633107923,41049,25,0.0
333,2022-12-09 05:30:00+05:30,104.776,105.177,104.45,4637079705663804801,40659,48,0.0
334,2022-12-11 05:30:00+05:30,104.858,105.048,104.843,4637090894294129050,1886,21,0.0
335,2022-12-12 05:30:00+05:30,105.019,105.229,104.634,4637085053688362303,38835,1,0.0
336,2022-12-13 05:30:00+05:30,104.94,105.074,103.541,4637021932924834939,46532,33,0.0
337,2022-12-14 05:30:00+05:30,104.046,104.16,103.413,4636993081739722097,48690,34,0.0
338,2022-12-15 05:30:00+05:30,103.625,104.859,103.485,4637052121116087157,46005,20,0.0
339,2022-12-16 05:30:00+05:30,104.486,104.827,104.182,4637076468701572628,41847,32,0.0
340,2022-12-18 05:30:00+05:30,104.71,104.785,104.655,4637069924408364106,2418,1,0.0
341,2022-12-19 05:30:00+05:30,104.745,104.911,104.102,4637060987577853542,40505,31,0.0
342,2022-12-20 05:30:00+05:30,104.605,104.765,103.74,4637014473837952106,51777,5,0.0
343,2022-12-21 05:30:00+05:30,103.931,104.361,103.823,4637033191923903365,41150,31,0.0
344,2022-12-22 05:30:00+05:30,104.216,104.579,103.719,4637042762073111527,39529,37,0.0
345,2022-12-23 05:30:00+05:30,104.333,104.519,104.092,4637039736217111888,35710,46,0.0
346,2022-12-25 05:30:00+05:30,104.224,104.323,104.127,4637029251274229416,1514,7,0.0
347,2022-12-26 05:30:00+05:30,104.196,104.271,103.9,4637016796006509969,23632,40,0.0
348,2022-12-27 05:30:00+05:30,104.006,104.376,103.857,4637031925286508167,34805,17,0.0
349,2022-12-28 05:30:00+05:30,104.189,104.534,103.812,4637042058385669751,37213,25,0.0
350,2022-12-29 05:30:00+05:30,104.325,104.428,103.748,4637015740475347304,35424,2,0.0
351,2022-12-30 05:30:00+05:30,103.948,104.081,103.362,4636979922784560873,38164,16,0.0
352,2023-01-01 05:30:00+05:30,103.473,103.525,103.377,4636976615453584523,1903,0,0.0
353,2023-01-02 05:30:00+05:30,103.403,103.827,103.394,4636990266989954990,20613,45,0.0
354,2023-01-03 05:30:00+05:30,103.593,104.839,103.442,4637067813346038776,45973,20,0.0
355,2023-01-04 05:30:00+05:30,104.697,104.709,103.785,4637031854917763990,45337,0,0.0
356,2023-01-05 05:30:00+05:30,104.179,105.251,103.957,4637094553468826288,44980,27,0.0
357,2023-01-06 05:30:00+05:30,105.092,105.616,103.844,4637010603557022335,42110,38,0.0
358,2023-01-08 05:30:00+05:30,103.885,103.925,103.704,4636997937183070355,2325,25,0.0
359,2023-01-09 05:30:00+05:30,103.72,103.847,102.916,4636958812161307574,42334,29,0.0
360,2023-01-10 05:30:00+05:30,103.151,103.473,102.997,4636963737973400011,41722,25,0.0
361,2023-01-11 05:30:00+05:30,103.229,103.463,103.061,4636954941880377803,38325,6,0.0
362,2023-01-12 05:30:00+05:30,103.094,103.324,102.048,4636889076735827509,47022,22,0.0
363,2023-01-13 05:30:00+05:30,102.166,102.642,101.954,4636885839773595337,41379,38,0.0
364,2023-01-15 05:30:00+05:30,102.116,102.245,102.111,4636893298860478169,2263,32,0.0
365,2023-01-16 05:30:00+05:30,102.227,102.536,101.745,4636894706235361722,32932,22,0.0
366,2023-01-17 05:30:00+05:30,102.238,102.542,101.899,4636904487490802418,43050,38,0.0
367,2023-01-18 05:30:00+05:30,102.369,102.877,101.484,4636900054259919225,50536,11,0.0
368,2023-01-19 05:30:00+05:30,102.304,102.461,101.964,4636879154742898459,42249,18,0.0
369,2023-01-20 05:30:00+05:30,102.022,102.534,101.903,4636876128886898819,36111,46,0.0
370,2023-01-22 05:30:00+05:30,101.9,101.94,101.824,4636869936437411185,1999,37,0.0
371,2023-01-23 05:30:00+05:30,101.877,102.255,101.548,4636877817736759083,37518,26,0.0
372,2023-01-24 05:30:00+05:30,101.989,102.411,101.687,4636870358649876251,35474,8,0.0
373,2023-01-25 05:30:00+05:30,101.884,102.1,101.507,4636845025901972292,36174,12,0.0
374,2023-01-26 05:30:00+05:30,101.519,102.174,101.477,4636858888544575291,36668,30,0.0
375,2023-01-27 05:30:00+05:30,101.722,102.172,101.655,4636870991968573850,32125,42,0.0
376,2023-01-29 05:30:00+05:30,101.905,101.938,101.839,4636867403162620789,1961,21,0.0
377,2023-01-30 05:30:00+05:30,101.85,102.292,101.631,4636893369229222347,36064,24,0.0
378,2023-01-31 05:30:00+05:30,102.211,102.591,101.984,4636884150923735073,35529,10,0.0
379,2023-02-01 05:30:00+05:30,102.079,102.163,100.775,4636802241705512272,39744,17,0.0
380,2023-02-02 05:30:00+05:30,100.926,101.894,100.793,4636861703294342398,42648,20,0.0
381,2023-02-03 05:30:00+05:30,101.759,102.984,101.518,4636946567999820661,37204,0,0.0
382,2023-02-05 05:30:00+05:30,103.15,103.155,102.94,4636953041924285006,2742,26,0.0
383,2023-02-06 05:30:00+05:30,103.085,103.744,102.985,4636989070721303970,37528,7,0.0
384,2023-02-07 05:30:00+05:30,103.578,103.944,102.967,4636969015629213336,41848,16,0.0
385,2023-02-08 05:30:00+05:30,103.295,103.499,102.968,4636979148728374919,35492,14,0.0
386,2023-02-09 05:30:00+05:30,103.43,103.539,102.615,4636960430642423661,35545,29,0.0
387,2023-02-10 05:30:00+05:30,103.18,103.661,102.868,4636987663346420417,36314,38,0.0
388,2023-02-12 05:30:00+05:30,103.495,103.604,103.495,4636988296665118015,1789,34,0.0
389,2023-02-13 05:30:00+05:30,103.584,103.818,103.183,4636961908386051391,33362,32,0.0
390,2023-02-14 05:30:00+05:30,103.188,103.505,102.476,4636964441660841787,42200,20,0.0
391,2023-02-15 05:30:00+05:30,103.228,104.09,103.136,4637002440782697726,37465,12,0.0
392,2023-02-16 05:30:00+05:30,103.775,104.218,103.501,4637024677305857868,38422,22,0.0
393,2023-02-17 05:30:00+05:30,104.078,104.649,103.815,4637008422125952827,34710,47,0.0
394,2023-02-19 05:30:00+05:30,103.921,103.962,103.872,4637014966419161350,2016,30,0.0
395,2023-02-20 05:30:00+05:30,103.959,104.067,103.73,4637009970238324736,23452,44,0.0
396,2023-02-21 05:30:00+05:30,103.872,104.241,103.739,4637027914268090040,37552,17,0.0
397,2023-02-22 05:30:00+05:30,104.138,104.573,103.979,4637053739597203243,37450,26,0.0
398,2023-02-23 05:30:00+05:30,104.501,104.757,104.283,4637057117296923771,34388,5,0.0
399,2023-02-24 05:30:00+05:30,104.555,105.299,104.395,4637105742099150537,36883,39,0.0
400,2023-02-26 05:30:00+05:30,105.209,105.213,105.115,4637099197805942014,1565,34,0.0
401,2023-02-27 05:30:00+05:30,105.142,105.336,104.511,4637062957902690517,34467,21,0.0
402,2023-02-28 05:30:00+05:30,104.639,104.979,104.383,4637086249957013324,35149,12,0.0
403,2023-03-01 05:30:00+05:30,104.95,105.071,104.067,4637044591660460147,38145,26,0.0
404,2023-03-02 05:30:00+05:30,104.359,105.157,104.315,4637084350000920527,37307,15,0.0
405,2023-03-03 05:30:00+05:30,104.943,104.988,104.46,4637054232178412487,33186,40,0.0
406,2023-03-05 05:30:00+05:30,104.559,104.607,104.527,4637061269052830253,2001,12,0.0
407,2023-03-06 05:30:00+05:30,104.618,104.668,104.137,4637035373354972873,32892,12,0.0
408,2023-03-07 05:30:00+05:30,104.248,105.634,104.095,4637133608121844892,37639,8,0.0
409,2023-03-08 05:30:00+05:30,105.641,105.865,105.328,4637132271115705516,35553,1,0.0
410,2023-03-09 05:30:00+05:30,105.613,105.708,105.121,4637104686567987872,34930,23,0.0
411,2023-03-10 05:30:00+05:30,105.228,105.35,104.008,4637061269052830253,45825,45,0.0
412,2023-03-12 05:30:00+05:30,104.267,104.279,103.951,4637036499254879715,5159,47,0.0
413,2023-03-13 05:30:00+05:30,104.247,104.371,103.458,4636994770589582361,54108,12,0.0
414,2023-03-14 05:30:00+05:30,103.655,104.034,103.463,4636998500133023777,46612,10,0.0
415,2023-03-15 05:30:00+05:30,103.712,105.087,103.419,4637063098640178872,49671,21,0.0
416,2023-03-16 05:30:00+05:30,104.63,104.727,104.174,4637044943504181035,47873,4,0.0
417,2023-03-17 05:30:00+05:30,104.371,104.424,103.659,4637007788807255228,37358,34,0.0
418,2023-03-19 05:30:00+05:30,103.687,103.838,103.568,4637000470457860751,3279,39,0.0
419,2023-03-20 05:30:00+05:30,103.739,103.943,103.25,4636970704479073599,40804,19,0.0
420,2023-03-21 05:30:00+05:30,103.316,103.493,102.973,4636959375111260996,32760,9,0.0
421,2023-03-22 05:30:00+05:30,103.155,103.243,102.025,4636907513346802057,37986,26,0.0
422,2023-03-23 05:30:00+05:30,102.414,102.625,101.888,4636918913083358839,39687,13,0.0
423,2023-03-24 05:30:00+05:30,102.581,103.349,102.478,4636954801142889447,37536,40,0.0
424,2023-03-26 05:30:00+05:30,102.988,103.037,102.932,4636946497631076483,3071,40,0.0
425,2023-03-27 05:30:00+05:30,102.973,103.208,102.721,4636929890607450554,31273,2,0.0
426,2023-03-28 05:30:00+05:30,102.737,102.756,102.367,4636911805840196895,28527,8,0.0
427,2023-03-29 05:30:00+05:30,102.476,102.775,102.354,4636922290783079367,29132,9,0.0
428,2023-03-30 05:30:00+05:30,102.626,102.77,102.056,4636893439597966524,28783,9,0.0
429,2023-03-31 05:30:00+05:30,102.218,102.618,102.034,4636918490870893773,28858,19,0.0
430,2023-04-02 05:30:00+05:30,102.622,102.931,102.579,4636942697718890889,2998,24,0.0
431,2023-04-03 05:30:00+05:30,102.919,103.051,101.953,4636879576955363525,30312,7,0.0
432,2023-04-04 05:30:00+05:30,102.022,102.264,101.44,4636843829633321271,30612,10,0.0
433,2023-04-05 05:30:00+05:30,101.514,101.982,101.389,4636868247587550921,28947,6,0.0
434,2023-04-06 05:30:00+05:30,101.862,102.129,101.685,4636858114488389337,26222,2,0.0
435,2023-04-07 05:30:00+05:30,101.716,102.26,101.659,4636880843592758723,14925,87,0.0
436,2023-04-09 05:30:00+05:30,102.071,102.088,101.956,4636877958474247438,2160,13,0.0
437,2023-04-10 05:30:00+05:30,101.999,102.8,101.962,4636910820677778407,23486,11,0.0
438,2023-04-11 05:30:00+05:30,102.466,102.504,101.994,4636885699036106981,25538,8,0.0
439,2023-04-12 05:30:00+05:30,102.109,102.147,101.433,4636840803777321632,27655,9,0.0
440,2023-04-13 05:30:00+05:30,101.472,101.589,100.832,4636804986086535201,26295,15,0.0
441,2023-04-14 05:30:00+05:30,100.962,101.737,100.771,4636847770282995220,26831,20,0.0
442,2023-04-16 05:30:00+05:30,101.582,101.671,101.514,4636854384944947921,1641,15,0.0
443,2023-04-17 05:30:00+05:30,101.664,102.222,101.518,4636885276823641915,26142,8,0.0
444,2023-04-18 05:30:00+05:30,102.103,102.137,101.625,4636857481169691738,25677,5,0.0
445,2023-04-19 05:30:00+05:30,101.707,102.221,101.643,4636876551099363885,27070,9,0.0
446,2023-04-20 05:30:00+05:30,101.979,102.116,101.618,4636862125506807464,26594,4,0.0
447,2023-04-21 05:30:00+05:30,101.774,102.112,101.632,4636857551538435916,25686,23,0.0
448,2023-04-23 05:30:00+05:30,101.695,101.705,101.643,4636854947894901342,1296,13,0.0
449,2023-04-24 05:30:00+05:30,101.672,101.901,101.237,4636824478228672414,24936,11,0.0
450,2023-04-25 05:30:00+05:30,101.238,101.939,101.185,4636864377306621149,28111,1,0.0
451,2023-04-26 05:30:00+05:30,101.806,101.881,100.99,4636834189115368931,31346,10,0.0
452,2023-04-27 05:30:00+05:30,101.376,101.796,101.248,4636838481608763769,29856,4,0.0
453,2023-04-28 05:30:00+05:30,101.437,102.176,101.401,4636853751626250322,32968,23,0.0
454,2023-04-30 05:30:00+05:30,101.624,101.728,101.611,4636858466332110225,1927,2,0.0
455,2023-05-01 05:30:00+05:30,101.72,102.177,101.61,4636889217473315865,25069,6,0.0
456,2023-05-02 05:30:00+05:30,102.158,102.395,101.831,4636867895743830032,29812,9,0.0
457,2023-05-03 05:30:00+05:30,101.856,101.915,101.051,4636822789378812150,32106,8,0.0
458,2023-05-04 05:30:00+05:30,101.21,101.634,101.014,4636830741046904226,34525,12,0.0
459,2023-05-05 05:30:00+05:30,101.328,101.774,101.103,4636826307816021033,26587,23,0.0
460,2023-05-07 05:30:00+05:30,101.266,101.331,101.223,4636829826253229916,1489,5,0.0
461,2023-05-08 05:30:00+05:30,101.315,101.43,101.027,4636837496446345282,23140,9,0.0
462,2023-05-09 05:30:00+05:30,101.425,101.83,101.347,4636850936876483215,25170,0,0.0
463,2023-05-10 05:30:00+05:30,101.615,101.797,101.196,4636835737227740840,27178,2,0.0
464,2023-05-11 05:30:00+05:30,101.4,102.142,101.289,4636883939817502540,28907,8,0.0
465,2023-05-12 05:30:00+05:30,102.082,102.701,101.923,4636926442538985849,23957,23,0.0
466,2023-05-14 05:30:00+05:30,102.647,102.719,102.636,4636925949957776605,1429,13,0.0
467,2023-05-15 05:30:00+05:30,102.681,102.741,102.346,4636908005928011301,22910,10,0.0
468,2023-05-16 05:30:00+05:30,102.426,102.68,102.185,4636919405664568082,25325,12,0.0
469,2023-05-17 05:30:00+05:30,102.589,103.107,102.524,4636939812600379605,26081,6,0.0
470,2023-05-18 05:30:00+05:30,102.878,103.614,102.781,4636983089378048868,25789,12,0.0
471,2023-05-19 05:30:00+05:30,103.493,103.607,102.976,4636960923223632904,27846,23,0.0
472,2023-05-21 05:30:00+05:30,103.182,103.185,103.016,4636950860493215498,1460,14,0.0
473,2023-05-22 05:30:00+05:30,103.034,103.359,102.949,4636966411985678762,27724,0,0.0
474,2023-05-23 05:30:00+05:30,103.256,103.642,103.15,4636985763390327620,28985,1,0.0
475,2023-05-24 05:30:00+05:30,103.531,103.943,103.334,4637007085119813452,30680,4,0.0
476,2023-05-25 05:30:00+05:30,103.834,104.303,103.834,4637034528930042741,28994,9,0.0
477,2023-05-26 05:30:00+05:30,104.224,104.411,103.833,4637033614136368431,26810,21,0.0
478,2023-05-28 05:30:00+05:30,104.243,104.27,104.18,4637037414048554025,1763,6,0.0
479,2023-05-29 05:30:00+05:30,104.266,104.306,104.031,4637040228798321132,15623,11,0.0
480,2023-05-30 05:30:00+05:30,104.306,104.523,103.863,4637022284768555827,29875,5,0.0
481,2023-05-31 05:30:00+05:30,104.05,104.689,104.001,4637029251274229416,31961,0,0.0
482,2023-06-01 05:30:00+05:30,104.148,104.49,103.484,4636986185602792686,29736,2,0.0
483,2023-06-02 05:30:00+05:30,103.536,104.076,103.369,4637020666287439741,26209,20,0.0
484,2023-06-04 05:30:00+05:30,104.022,104.169,104.016,4637029040167996883,1639,9,0.0
485,2023-06-05 05:30:00+05:30,104.147,104.394,103.92,4637018344118881878,26201,8,0.0
486,2023-06-06 05:30:00+05:30,103.994,104.361,103.798,4637023973618416091,25600,11,0.0
487,2023-06-07 05:30:00+05:30,104.074,104.288,103.639,4637021158868648985,26957,22,0.0
488,2023-06-08 05:30:00+05:30,104.03,104.064,103.282,4636970634110329422,26627,9,0.0
489,2023-06-09 05:30:00+05:30,103.316,103.595,103.298,4636986115234048508,23590,22,0.0
490,2023-06-11 05:30:00+05:30,103.539,103.585,103.515,4636985552284095087,1438,7,0.0
491,2023-06-12 05:30:00+05:30,103.527,103.745,103.229,4636988578140094726,24763,8,0.0
492,2023-06-13 05:30:00+05:30,103.571,103.616,103.031,4636969297104190046,28696,5,0.0
493,2023-06-14 05:30:00+05:30,103.298,103.392,102.649,4636942838456379245,28062,0,0.0
494,2023-06-15 05:30:00+05:30,102.921,103.366,102.072,4636887598992199778,29258,12,0.0
495,2023-06-16 05:30:00+05:30,102.135,102.416,101.991,4636897802460105540,26750,22,0.0
496,2023-06-18 05:30:00+05:30,102.315,102.315,102.242,4636898506147547316,2292,1,0.0
497,2023-06-19 05:30:00+05:30,102.291,102.545,102.237,4636911172521499296,20318,11,0.0
498,2023-06-20 05:30:00+05:30,102.471,102.777,102.309,4636913072477592093,28018,12,0.0
499,2023-06-21 05:30:00+05:30,102.498,102.704,102.008,4636879365849130992,30144,13,0.0
500,2023-06-22 05:30:00+05:30,102.019,102.457,101.871,4636905050440755839,28363,8,0.0
501,2023-06-23 05:30:00+05:30,102.384,103.156,102.367,4636938334856751874,29146,21,0.0
502,2023-06-25 05:30:00+05:30,102.815,102.82,102.733,4636930453557403976,2110,12,0.0
503,2023-06-26 05:30:00+05:30,102.745,102.815,102.6,4636929257288752955,25983,11,0.0
504,2023-06-27 05:30:00+05:30,102.727,102.794,102.306,4636913283583824626,27884,11,0.0
505,2023-06-28 05:30:00+05:30,102.501,103.14,102.456,4636945090256192930,27915,7,0.0
506,2023-06-29 05:30:00+05:30,102.953,103.431,102.77,4636971126691538665,28579,12,0.0
507,2023-06-30 05:30:00+05:30,103.323,103.535,102.734,4636941782925216580,27433,22,0.0
508,2023-07-02 05:30:00+05:30,102.908,102.947,102.877,4636944245831262798,1375,13,0.0
509,2023-07-03 05:30:00+05:30,102.941,103.265,102.731,4636945160624937107,24279,3,0.0
510,2023-07-04 05:30:00+05:30,102.954,103.1,102.87,4636952338236843229,18013,13,0.0
511,2023-07-05 05:30:00+05:30,103.056,103.38,102.941,4636971619272747909,25325,12,0.0
512,2023-07-06 05:30:00+05:30,103.33,103.568,102.906,4636954660405401092,30958,2,0.0
513,2023-07-07 05:30:00+05:30,103.089,103.177,102.213,4636895902504012743,28128,22,0.0
514,2023-07-09 05:30:00+05:30,102.298,102.329,102.254,4636897661722617184,1668,14,0.0
515,2023-07-10 05:30:00+05:30,102.279,102.555,101.904,4636871906762248159,26522,14,0.0
516,2023-07-11 05:30:00+05:30,101.912,101.962,101.579,4636849107289134596,26034,5,0.0
517,2023-07-12 05:30:00+05:30,101.589,101.602,100.486,4636771631301794988,30629,8,0.0
518,2023-07-13 05:30:00+05:30,100.485,100.6,99.705,4636720754699754537,29866,0,0.0
519,2023-07-14 05:30:00+05:30,99.762,100.008,99.564,4636733280336218161,27867,23,0.0
520,2023-07-16 05:30:00+05:30,99.923,99.988,99.906,4636733491442450694,1849,1,0.0
521,2023-07-17 05:30:00+05:30,99.946,100.176,99.74,4636729691530265100,23668,7,0.0
522,2023-07-18 05:30:00+05:30,99.893,100.094,99.54,4636733984023659938,29887,12,0.0
523,2023-07-19 05:30:00+05:30,99.952,100.532,99.91,4636754461328215638,29714,2,0.0
524,2023-07-20 05:30:00+05:30,100.244,100.96,100.006,4636791193812676379,28710,6,0.0
525,2023-07-21 05:30:00+05:30,100.764,101.18,100.708,4636812867385883099,26292,23,0.0
526,2023-07-23 05:30:00+05:30,101.059,101.095,100.974,4636813993285789942,1776,13,0.0
527,2023-07-24 05:30:00+05:30,101.089,101.425,100.871,4636836159440205906,29412,0,0.0
528,2023-07-25 05:30:00+05:30,101.404,101.639,101.171,4636829263303276495,25729,11,0.0
529,2023-07-26 05:30:00+05:30,101.307,101.427,100.844,4636813782179557409,30642,0,0.0
530,2023-07-27 05:30:00+05:30,101.087,101.834,100.536,4636855792319831474,36574,15,0.0
531,2023-07-28 05:30:00+05:30,101.684,102.04,101.311,4636856003426064007,38165,21,0.0
532,2023-07-30 05:30:00+05:30,101.671,101.671,101.576,4636849951714064728,2058,12,0.0
533,2023-07-31 05:30:00+05:30,101.599,101.892,101.511,4636869795699922829,28975,12,0.0
534,2023-08-01 05:30:00+05:30,101.883,102.424,101.837,4636877747368014905,29308,15,0.0
535,2023-08-02 05:30:00+05:30,101.995,102.772,101.995,4636918842714614661,31242,6,0.0
536,2023-08-03 05:30:00+05:30,102.579,102.832,102.35,4636909413302894854,33233,5,0.0
537,2023-08-04 05:30:00+05:30,102.446,102.61,101.728,4636877465893038195,29221,22,0.0
538,2023-08-06 05:30:00+05:30,101.944,102.077,101.934,4636881617648944677,2293,1,0.0
539,2023-08-07 05:30:00+05:30,102.05,102.373,101.951,4636883306498804941,24091,15,0.0
540,2023-08-08 05:30:00+05:30,102.076,102.796,102.058,4636914409483731468,28299,11,0.0
541,2023-08-09 05:30:00+05:30,102.516,102.57,102.279,4636910961415266763,25667,3,0.0
542,2023-08-10 05:30:00+05:30,102.467,102.642,101.749,4636922501889311900,30325,13,0.0
543,2023-08-11 05:30:00+05:30,102.632,102.899,102.404,4636937912644286808,25994,22,0.0
544,2023-08-13 05:30:00+05:30,102.774,102.898,102.767,4636938827437961118,1728,14,0.0
545,2023-08-14 05:30:00+05:30,102.863,103.453,102.757,4636957334417679843,28138,7,0.0
546,2023-08-15 05:30:00+05:30,103.127,103.273,102.797,4636962612073493168,31260,1,0.0
547,2023-08-16 05:30:00+05:30,103.202,103.515,102.93,4636981259790700249,30096,1,0.0
548,2023-08-17 05:30:00+05:30,103.467,103.588,103.041,4636975911766142747,31026,14,0.0
549,2023-08-18 05:30:00+05:30,103.388,103.671,103.212,4636978093197212254,27353,20,0.0
550,2023-08-20 05:30:00+05:30,103.403,103.419,103.342,4636975700659910214,1748,14,0.0
551,2023-08-21 05:30:00+05:30,103.386,103.495,103.127,4636970352635352711,26795,11,0.0
552,2023-08-22 05:30:00+05:30,103.312,103.706,102.999,4636989000352559792,26459,11,0.0
553,2023-08-23 05:30:00+05:30,103.576,103.971,103.278,4636972252591445508,29540,6,0.0
554,2023-08-24 05:30:00+05:30,103.338,104.122,103.261,4637024184724648624,27510,10,0.0
555,2023-08-25 05:30:00+05:30,104.078,104.437,103.723,4637030799386601325,27970,22,0.0
556,2023-08-27 05:30:00+05:30,104.159,104.209,104.119,4637030025330415370,2232,13,0.0
557,2023-08-28 05:30:00+05:30,104.16,104.17,103.901,4637014403469207929,23702,9,0.0
558,2023-08-29 05:30:00+05:30,103.938,104.347,103.353,4636986818921490285,28431,7,0.0
559,2023-08-30 05:30:00+05:30,103.545,103.689,102.916,4636956419624005534,28393,3,0.0
560,2023-08-31 05:30:00+05:30,103.113,103.73,102.997,4636992237314791965,27908,12,0.0
561,2023-09-01 05:30:00+05:30,103.623,104.28,103.256,4637036921467344781,27464,22,0.0
562,2023-09-03 05:30:00+05:30,104.239,104.27,104.221,4637034880773763629,1153,9,0.0
563,2023-09-04 05:30:00+05:30,104.229,104.255,104.012,4637028899430508528,16603,13,0.0
564,2023-09-05 05:30:00+05:30,104.144,104.896,104.093,4637071050308270948,26874,7,0.0
565,2023-09-06 05:30:00+05:30,104.743,105.026,104.579,4637079001976363024,27832,10,0.0
566,2023-09-07 05:30:00+05:30,104.857,105.15,104.791,4637091949825291715,25195,11,0.0
567,2023-09-08 05:30:00+05:30,105.039,105.086,104.648,4637092090562780070,24332,20,0.0
568,2023-09-10 05:30:00+05:30,104.937,104.941,104.799,4637077946445200359,2474,5,0.0
569,2023-09-11 05:30:00+05:30,104.84,104.881,104.402,4637058243196830614,26839,8,0.0
570,2023-09-12 05:30:00+05:30,104.561,104.909,104.399,4637059580202969989,25141,7,0.0
571,2023-09-13 05:30:00+05:30,104.58,104.977,104.501,4637070416989573349,29252,10,0.0
572,2023-09-14 05:30:00+05:30,104.734,105.423,104.549,4637117141835707318,28325,10,0.0
573,2023-09-15 05:30:00+05:30,105.398,105.404,105.068,4637111160492452217,25219,22,0.0
574,2023-09-17 05:30:00+05:30,105.279,105.302,105.243,4637106797630313202,1285,14,0.0
575,2023-09-18 05:30:00+05:30,105.251,105.352,105.009,4637094271993849577,22009,3,0.0
576,2023-09-19 05:30:00+05:30,105.074,105.196,104.794,4637096946006128329,22593,7,0.0
577,2023-09-20 05:30:00+05:30,105.111,105.457,104.652,4637120378797939491,27902,9,0.0
578,2023-09-21 05:30:00+05:30,105.443,105.73,105.266,4637116086304544653,29698,1,0.0
579,2023-09-22 05:30:00+05:30,105.384,105.774,105.305,4637130089684636008,26278,12,0.0
580,2023-09-24 05:30:00+05:30,105.517,105.583,105.515,4637129315628450054,1620,0,0.0
581,2023-09-25 05:30:00+05:30,105.572,106.093,105.505,4637155422432539967,23718,11,0.0
582,2023-09-26 05:30:00+05:30,105.942,106.251,105.851,4637173788674770338,26005,1,0.0
583,2023-09-27 05:30:00+05:30,106.203,106.829,106.153,4637205947190859530,28723,11,0.0
584,2023-09-28 05:30:00+05:30,106.657,106.744,106.009,4637170270237561455,30745,5,0.0
585,2023-09-29 05:30:00+05:30,106.152,106.234,105.643,4637169918393840566,30117,22,0.0
586,2023-10-01 05:30:00+05:30,106.199,106.3,106.15,4637176392318304911,2172,0,0.0
587,2023-10-02 05:30:00+05:30,106.236,107.048,106.029,4637230083670112469,28620,10,0.0
588,2023-10-03 05:30:00+05:30,107.002,107.341,106.788,4637234165057274774,33837,7,0.0
589,2023-10-04 05:30:00+05:30,107.061,107.236,106.496,4637212702590300586,33014,11,0.0
590,2023-10-05 05:30:00+05:30,106.758,106.849,106.309,4637184836567606231,31651,9,0.0
591,2023-10-06 05:30:00+05:30,106.36,106.969,105.937,4637164640738027241,30662,19,0.0
592,2023-10-08 05:30:00+05:30,106.256,106.343,106.204,4637174492362212114,2858,14,0.0
593,2023-10-09 05:30:00+05:30,106.212,106.592,105.935,4637155774276260856,28141,8,0.0
594,2023-10-10 05:30:00+05:30,105.947,106.238,105.648,4637142333846122922,32803,6,0.0
595,2023-10-11 05:30:00+05:30,105.756,106.003,105.546,4637135859921658577,31287,4,0.0
596,2023-10-12 05:30:00+05:30,105.665,106.592,105.521,4637194899298023637,29320,3,0.0
597,2023-10-13 05:30:00+05:30,106.505,106.778,106.277,4637205665715882820,28609,22,0.0
598,2023-10-15 05:30:00+05:30,106.606,106.625,106.509,4637198347366488343,2531,0,0.0
599,2023-10-16 05:30:00+05:30,106.55,106.603,106.167,4637176814530769977,25780,8,0.0
600,2023-10-17 05:30:00+05:30,106.243,106.515,106.01,4637174210887235404,28422,4,0.0
601,2023-10-18 05:30:00+05:30,106.21,106.626,106.001,4637197010360348967,29851,13,0.0
602,2023-10-19 05:30:00+05:30,106.533,106.661,105.923,4637173788674770338,33368,4,0.0
603,2023-10-20 05:30:00+05:30,106.204,106.407,106.055,4637169355443887145,27685,22,0.0
604,2023-10-22 05:30:00+05:30,106.135,106.18,106.105,4637171747981189186,1822,9,0.0
605,2023-10-23 05:30:00+05:30,106.177,106.323,105.503,4637130723003333607,27231,4,0.0
606,2023-10-24 05:30:00+05:30,105.59,106.308,105.333,4637175336787142246,28416,10,0.0
607,2023-10-25 05:30:00+05:30,106.224,106.603,106.128,4637197714047790744,26983,1,0.0
608,2023-10-26 05:30:00+05:30,106.544,106.911,106.517,4637199402897651007,30202,1,0.0
609,2023-10-27 05:30:00+05:30,106.569,106.79,106.308,4637198839947697586,26880,22,0.0
610,2023-10-29 05:30:00+05:30,106.52,106.619,106.512,4637201373222487982,1673,12,0.0
611,2023-10-30 05:30:00+05:30,106.596,106.695,106.05,4637170059131328922,25519,8,0.0
612,2023-10-31 05:30:00+05:30,106.15,106.847,105.879,4637206158297092063,31105,9,0.0
613,2023-11-01 05:30:00+05:30,106.663,107.109,106.457,4637191732704535642,31312,1,0.0
614,2023-11-02 05:30:00+05:30,106.454,106.476,105.797,4637173225724816916,28198,5,0.0
615,2023-11-03 05:30:00+05:30,106.194,106.213,104.926,4637092653512733491,26003,22,0.0
616,2023-11-05 05:30:00+05:30,105.089,105.117,105.041,4637093497937663623,1342,10,0.0
617,2023-11-06 05:30:00+05:30,105.063,105.28,104.835,4637107149474034090,24791,13,0.0
618,2023-11-07 05:30:00+05:30,105.257,105.765,105.248,4637126571247427125,26836,10,0.0
619,2023-11-08 05:30:00+05:30,105.534,105.861,105.437,4637123756497660019,26727,7,0.0
620,2023-11-09 05:30:00+05:30,105.488,105.957,105.364,4637152607682772861,28449,0,0.0
621,2023-11-10 05:30:00+05:30,105.908,106.003,105.73,4637143600483518120,24940,22,0.0
622,2023-11-12 05:30:00+05:30,105.756,105.801,105.737,4637141207946216079,1333,8,0.0
623,2023-11-13 05:30:00+05:30,105.743,105.946,105.574,4637132763696914760,23542,17,0.0
624,2023-11-14 05:30:00+05:30,105.625,105.721,103.974,4637024536568369512,27919,5,0.0
625,2023-11-15 05:30:00+05:30,104.088,104.502,103.954,4637040651010786198,28401,4,0.0
626,2023-11-16 05:30:00+05:30,104.311,104.546,103.993,4637043536129297482,27294,0,0.0
627,2023-11-17 05:30:00+05:30,104.357,104.54,103.773,4637002792626418614,27318,15,0.0
628,2023-11-19 05:30:00+05:30,103.825,103.897,103.813,4637011518350696645,1186,14,0.0
629,2023-11-20 05:30:00+05:30,103.894,103.96,103.363,4636979359834607452,28403,3,0.0
630,2023-11-21 05:30:00+05:30,103.44,103.699,103.165,4636984707859164955,29906,3,0.0
631,2023-11-22 05:30:00+05:30,103.517,104.205,103.465,4637009125813394604,28544,13,0.0
632,2023-11-23 05:30:00+05:30,103.868,103.873,103.485,4637001737095255949,19516,1,0.0
633,2023-11-24 05:30:00+05:30,103.763,103.831,103.323,4636973378491352351,21114,22,0.0
634,2023-11-26 05:30:00+05:30,103.394,103.434,103.367,4636978304303444787,1188,10,0.0
635,2023-11-27 05:30:00+05:30,103.431,103.52,103.13,4636957686261400732,26662,3,0.0
636,2023-11-28 05:30:00+05:30,103.137,103.311,102.591,4636920390826986570,29398,9,0.0
637,2023-11-29 05:30:00+05:30,102.602,103.007,102.452,4636934464575822103,31799,2,0.0
638,2023-11-30 05:30:00+05:30,102.809,103.581,102.706,4636978937622142386,32887,3,0.0
639,2023-12-01 05:30:00+05:30,103.44,103.719,103.102,4636961345436097970,30712,22,0.0
640,2023-12-03 05:30:00+05:30,103.202,103.205,103.025,4636955927042796290,2528,8,0.0
641,2023-12-04 05:30:00+05:30,103.106,103.842,103.105,4636991885471071076,32211,0,0.0
642,2023-12-05 05:30:00+05:30,103.618,104.081,103.523,4637015881212835660,32130,0,0.0
643,2023-12-06 05:30:00+05:30,103.964,104.221,103.852,4637028547586787639,28317,1,0.0
644,2023-12-07 05:30:00+05:30,104.142,104.19,103.236,4636994840958326538,34377,0,0.0
645,2023-12-08 05:30:00+05:30,103.667,104.281,103.422,4637016725637765792,34778,23,0.0
646,2023-12-10 05:30:00+05:30,103.986,104.008,103.923,4637015107156649705,1395,8,0.0
647,2023-12-11 05:30:00+05:30,103.944,104.255,103.912,4637022355137300005,27470,5,0.0
648,2023-12-12 05:30:00+05:30,104.053,104.086,103.455,4637000963039069995,29566,1,0.0
649,2023-12-13 05:30:00+05:30,103.753,104.02,102.759,4636939179281682006,31904,5,0.0
650,2023-12-14 05:30:00+05:30,102.874,102.898,101.756,4636875073355736154,40578,1,0.0
651,2023-12-15 05:30:00+05:30,101.964,102.635,101.826,4636917787183451996,33234,23,0.0
652,2023-12-17 05:30:00+05:30,102.562,102.632,102.508,4636920250089498214,1695,13,0.0
653,2023-12-18 05:30:00+05:30,102.603,102.623,102.363,4636911453996476006,28149,0,0.0
654,2023-12-19 05:30:00+05:30,102.48,102.619,102.052,4636886895304758002,31115,9,0.0
655,2023-12-20 05:30:00+05:30,102.129,102.53,102.128,4636905754128197616,30052,0,0.0
656,2023-12-21 05:30:00+05:30,102.393,102.439,101.714,4636861562556854043,31897,0,0.0
657,2023-12-22 05:30:00+05:30,101.77,101.884,101.416,4636856496007273251,28096,22,0.0
658,2023-12-25 05:30:00+05:30,101.685,101.71,101.58,4636850936876483215,1400,7,0.0
659,2023-12-26 05:30:00+05:30,101.628,101.76,101.424,4636839818614903144,17425,12,0.0
660,2023-12-27 05:30:00+05:30,101.461,101.562,100.814,4636798582530815033,24925,7,0.0
661,2023-12-28 05:30:00+05:30,100.877,101.286,100.603,4636820678316486820,28126,1,0.0
662,2023-12-29 05:30:00+05:30,101.19,101.411,101.051,4636832852109229556,26440,23,0.0
663,2024-01-01 05:30:00+05:30,101.305,101.369,101.263,4636833133584206266,1522,15,0.0
664,2024-01-02 05:30:00+05:30,101.367,102.239,101.325,4636893650704199057,27613,0,0.0
665,2024-01-03 05:30:00+05:30,102.228,102.718,102.06,4636905261546988372,33071,1,0.0
666,2024-01-04 05:30:00+05:30,102.387,102.517,102.129,4636907583715546235,30936,2,0.0
667,2024-01-05 05:30:00+05:30,102.425,103.096,101.89,4636907020765592814,32660,23,0.0
668,2024-01-07 05:30:00+05:30,102.379,102.502,102.375,4636908779984197255,3870,0,0.0
669,2024-01-08 05:30:00+05:30,102.362,102.61,102.061,4636898154303826428,32467,4,0.0
670,2024-01-09 05:30:00+05:30,102.287,102.647,102.094,4636912157683917783,31433,2,0.0
671,2024-01-10 05:30:00+05:30,102.485,102.63,102.315,4636900828316105179,27213,1,0.0
672,2024-01-11 05:30:00+05:30,102.322,102.755,102.055,4636891961854338793,34376,0,0.0
673,2024-01-12 05:30:00+05:30,102.204,102.575,102.073,4636907583715546235,29419,23,0.0
674,2024-01-14 05:30:00+05:30,102.44,102.502,102.41,4636912650265127027,1310,15,0.0
675,2024-01-15 05:30:00+05:30,102.493,102.664,102.298,4636921587095637590,21780,0,0.0
676,2024-01-16 05:30:00+05:30,102.625,103.414,102.613,4636969719316655112,33704,9,0.0
677,2024-01-17 05:30:00+05:30,103.304,103.681,103.249,4636971900747724620,31783,4,0.0
678,2024-01-18 05:30:00+05:30,103.332,103.619,103.134,4636973167385119818,32000,1,0.0
679,2024-01-19 05:30:00+05:30,103.354,103.535,103.221,4636964019448376721,27822,23,0.0
680,2024-01-21 05:30:00+05:30,103.261,103.3,103.214,4636966341616934584,1928,0,0.0
681,2024-01-22 05:30:00+05:30,103.262,103.373,103.101,4636974222916282483,26976,0,0.0
682,2024-01-23 05:30:00+05:30,103.367,103.806,102.967,4636983019009304691,29136,0,0.0
683,2024-01-24 05:30:00+05:30,103.498,103.537,102.756,4636967467516841427,30622,5,0.0
684,2024-01-25 05:30:00+05:30,103.281,103.676,103.104,4636982033846886203,30586,5,0.0
685,2024-01-26 05:30:00+05:30,103.489,103.717,103.116,4636979993153305051,27011,23,0.0
686,2024-01-28 05:30:00+05:30,103.511,103.538,103.473,4636986115234048508,1892,14,0.0
687,2024-01-29 05:30:00+05:30,103.544,103.812,103.389,4636979922784560873,25398,9,0.0
688,2024-01-30 05:30:00+05:30,103.45,103.604,103.296,4636974996972468437,27104,2,0.0
689,2024-01-31 05:30:00+05:30,103.378,103.73,102.925,4636990618833675878,36163,6,0.0
690,2024-02-01 05:30:00+05:30,103.603,103.802,103.007,4636950790124471321,34094,12,0.0
691,2024-02-02 05:30:00+05:30,103.039,104.032,102.888,4637015036787905528,28756,22,0.0
692,2024-02-04 05:30:00+05:30,103.935,104.102,103.933,4637019610756277076,2067,0,0.0
693,2024-02-05 05:30:00+05:30,104.023,104.592,103.97,4637049939685017649,46933,30,0.0
694,2024-02-06 05:30:00+05:30,104.446,104.578,104.11,4637027421686880797,44828,30,0.0
695,2024-02-07 05:30:00+05:30,104.124,104.15,103.923,4637019540387532898,44076,29,0.0
696,2024-02-08 05:30:00+05:30,104.012,104.421,103.939,4637026999474415731,41246,30,0.0
697,2024-02-09 05:30:00+05:30,104.112,104.247,103.933,4637023058824741782,40963,30,0.0
698,2024-02-11 05:30:00+05:30,104.061,104.077,103.95,4637015951581579837,1844,42,0.0
699,2024-02-12 05:30:00+05:30,103.963,104.266,103.878,4637027843899345863,33090,30,0.0
700,2024-02-13 05:30:00+05:30,104.132,104.95,103.907,4637078439026409603,52555,30,0.0
701,2024-02-14 05:30:00+05:30,104.849,104.962,104.64,4637065491177480913,42597,29,0.0
702,2024-02-15 05:30:00+05:30,104.662,104.699,104.163,4637036006673670472,43436,30,0.0
703,2024-02-16 05:30:00+05:30,104.252,104.661,104.151,4637037062204833137,42037,30,0.0
704,2024-02-18 05:30:00+05:30,104.245,104.262,104.174,4637031925286508167,1639,44,0.0
705,2024-02-19 05:30:00+05:30,104.188,104.359,104.124,4637038539948460868,24181,31,0.0
706,2024-02-20 05:30:00+05:30,104.289,104.398,103.779,4637020314443718853,38845,31,0.0
707,2024-02-21 05:30:00+05:30,104.03,104.199,103.919,4637015951581579837,38409,31,0.0
708,2024-02-22 05:30:00+05:30,103.962,104.121,103.415,4637011659088185000,47169,31,0.0
709,2024-02-23 05:30:00+05:30,103.903,104.039,103.753,4637014966419161350,34629,31,0.0
710,2024-02-25 05:30:00+05:30,103.846,103.949,103.835,4637015036787905528,1851,50,0.0
711,2024-02-26 05:30:00+05:30,103.953,104.003,103.694,4637000822301581640,32208,31,0.0
712,2024-02-27 05:30:00+05:30,103.751,103.91,103.592,4637006099957394964,34141,31,0.0
713,2024-02-28 05:30:00+05:30,103.824,104.229,103.79,4637012925725580198,36764,30,0.0
714,2024-02-29 05:30:00+05:30,103.918,104.187,103.637,4637027140211904086,49520,31,0.0
715,2024-03-01 05:30:00+05:30,104.111,104.281,103.825,4637009266550882959,41221,31,0.0
716,2024-03-03 05:30:00+05:30,103.834,103.853,103.814,4637007296226045985,1631,42,0.0
717,2024-03-04 05:30:00+05:30,103.84,103.95,103.711,4637005748113674076,32065,31,0.0
718,2024-03-05 05:30:00+05:30,103.823,103.935,103.557,4637002159307721015,36085,30,0.0
719,2024-03-06 05:30:00+05:30,103.769,103.879,103.183,4636971548904003731,41846,30,0.0
720,2024-03-07 05:30:00+05:30,103.323,103.339,102.751,4636930946138613219,46895,29,0.0
721,2024-03-08 05:30:00+05:30,102.75,102.895,102.31,4636928975813776245,52177,31,0.0
722,2024-03-10 05:30:00+05:30,102.669,102.738,102.661,4636925387007823184,3352,31,0.0
723,2024-03-11 05:30:00+05:30,102.672,102.931,102.618,4636932423882240950,34727,30,0.0
724,2024-03-12 05:30:00+05:30,102.775,103.164,102.702,4636942205137681646,46535,31,0.0
725,2024-03-13 05:30:00+05:30,102.912,103.008,102.646,4636930453557403976,33187,31,0.0
726,2024-03-14 05:30:00+05:30,102.738,103.382,102.72,4636974645128747549,39266,30,0.0
727,2024-03-15 05:30:00+05:30,103.373,103.48,103.285,4636978726515909853,30253,30,0.0
728,2024-03-17 05:30:00+05:30,103.385,103.466,103.383,4636980485734514295,2171,30,0.0
729,2024-03-18 05:30:00+05:30,103.453,103.635,103.318,4636988507771350548,26756,30,0.0
730,2024-03-19 05:30:00+05:30,103.568,104.045,103.544,4637008351757208650,36612,30,0.0
731,2024-03-20 05:30:00+05:30,103.85,104.135,103.219,4636964019448376721,47494,30,0.0
732,2024-03-21 05:30:00+05:30,103.221,104.041,103.156,4637017429325207568,42390,30,0.0
733,2024-03-22 05:30:00+05:30,103.979,104.482,103.906,4637048110097669030,31273,30,0.0
734,2024-03-24 05:30:00+05:30,104.389,104.42,104.369,4637048039728924852,1865,30,0.0
735,2024-03-25 05:30:00+05:30,104.415,104.462,104.127,4637033965980089319,25067,29,0.0
736,2024-03-26 05:30:00+05:30,104.214,104.322,103.996,4637038539948460868,26787,29,0.0
737,2024-03-27 05:30:00+05:30,104.279,104.443,104.198,4637047758253948142,29662,30,0.0
738,2024-03-28 05:30:00+05:30,104.411,104.714,104.289,4637054724759621730,34932,30,0.0
739,2024-03-29 05:30:00+05:30,104.511,104.659,104.348,4637047336041483076,21660,29,0.0
740,2024-03-31 05:30:00+05:30,104.461,104.53,104.393,4637052261853575512,2958,30,0.0
741,2024-04-01 05:30:00+05:30,104.464,105.06,104.407,4637088431388082831,26148,30,0.0
742,2024-04-02 05:30:00+05:30,104.987,105.089,104.664,4637072176208177791,30917,30,0.0
743,2024-04-03 05:30:00+05:30,104.76,104.83,104.188,4637033473398880076,31984,30,0.0
744,2024-04-04 05:30:00+05:30,104.21,104.249,103.897,4637033895611345142,30048,30,0.0
745,2024-04-05 05:30:00+05:30,104.212,104.68,104.119,4637037836261019091,37250,30,0.0
746,2024-04-07 05:30:00+05:30,104.253,104.367,104.243,4637043747235530015,2217,30,0.0
747,2024-04-08 05:30:00+05:30,104.351,104.423,104.081,4637026014311997243,30370,29,0.0
748,2024-04-09 05:30:00+05:30,104.1,104.188,103.862,4637024818043346223,28126,30,0.0
749,2024-04-10 05:30:00+05:30,104.084,105.286,104.004,4637102153293197476,54126,30,0.0
750,2024-04-11 05:30:00+05:30,105.184,105.514,105.014,4637107430949010801,49003,30,0.0
751,2024-04-12 05:30:00+05:30,105.258,106.099,105.218,4637159503819702272,42369,30,0.0
752,2024-04-14 05:30:00+05:30,105.848,105.988,105.833,4637153944688912237,3585,61,0.0
753,2024-04-15 05:30:00+05:30,105.93,106.216,105.807,4637171607243700830,47921,60,0.0
754,2024-04-16 05:30:00+05:30,106.173,106.492,106.034,4637181458867885703,55006,60,0.0
755,2024-04-17 05:30:00+05:30,106.306,106.412,105.84,4637154859482586546,46362,60,0.0
756,2024-04-18 05:30:00+05:30,105.928,106.167,105.709,4637169355443887145,40215,58,0.0
757,2024-04-19 05:30:00+05:30,106.145,106.324,105.817,4637165485162957373,55262,60,0.0
758,2024-04-21 05:30:00+05:30,106.045,106.076,105.967,4637164781475515597,3671,60,0.0
759,2024-04-22 05:30:00+05:30,106.073,106.367,105.95,4637166259219143328,32808,60,0.0
760,2024-04-23 05:30:00+05:30,106.097,106.211,105.581,4637134734021751734,43489,60,0.0
761,2024-04-24 05:30:00+05:30,105.648,105.922,105.559,4637143811589750653,34327,58,0.0
762,2024-04-25 05:30:00+05:30,105.775,105.973,105.419,4637129315628450054,47027,60,0.0
763,2024-04-26 05:30:00+05:30,105.571,106.161,105.368,4637158940869748851,46786,60,0.0
764,2024-04-28 05:30:00+05:30,105.955,105.991,105.891,4637155000220074902,3447,60,0.0
765,2024-04-29 05:30:00+05:30,105.936,106.085,105.427,4637136352502867821,76681,60,0.0
766,2024-04-30 05:30:00+05:30,105.67,106.311,105.636,4637180473705467216,48511,60,0.0
767,2024-05-01 05:30:00+05:30,106.296,106.462,105.378,4637137126559053775,59891,60,0.0
768,2024-05-02 05:30:00+05:30,105.681,105.868,105.246,4637108345742685110,51339,60,0.0
769,2024-05-03 05:30:00+05:30,105.271,105.343,104.488,4637088783231803720,58745,60,0.0
770,2024-05-05 05:30:00+05:30,104.973,105.154,104.944,4637099268174686192,3030,60,0.0
771,2024-05-06 05:30:00+05:30,105.145,105.173,104.834,4637097297849849217,30202,60,0.0
772,2024-05-07 05:30:00+05:30,105.116,105.417,105.001,4637116930729474785,34415,59,0.0
773,2024-05-08 05:30:00+05:30,105.396,105.617,105.357,4637123404653939130,30131,60,0.0
774,2024-05-09 05:30:00+05:30,105.488,105.716,105.119,4637102505136918364,33629,60,0.0
775,2024-05-10 05:30:00+05:30,105.19,105.376,105.109,4637105601361662181,29301,60,0.0
776,2024-05-12 05:30:00+05:30,105.214,105.301,105.213,4637110316067522085,2564,60,0.0
777,2024-05-13 05:30:00+05:30,105.301,105.34,105.023,4637101238499523166,26756,60,0.0
778,2024-05-14 05:30:00+05:30,105.172,105.45,104.926,4637091035031617405,34705,60,0.0
779,2024-05-15 05:30:00+05:30,105.027,105.035,104.146,4637031151230322213,43649,60,0.0
780,2024-05-16 05:30:00+05:30,104.176,104.598,104.047,4637051769272366268,33952,60,0.0
781,2024-05-17 05:30:00+05:30,104.469,104.77,104.358,4637047054566506365,25335,60,0.0
782,2024-05-19 05:30:00+05:30,104.42,104.462,104.352,4637050150791250182,2395,60,0.0
783,2024-05-20 05:30:00+05:30,104.445,104.621,104.364,4637059087621760745,25978,60,0.0
784,2024-05-21 05:30:00+05:30,104.572,104.744,104.446,4637062324583992918,31212,60,0.0
785,2024-05-22 05:30:00+05:30,104.619,104.94,104.526,4637080690826223288,33294,60,0.0
786,2024-05-23 05:30:00+05:30,104.88,105.084,104.592,4637091457244082471,41867,60,0.0
787,2024-05-24 05:30:00+05:30,105.033,105.089,104.606,4637066476339899400,26897,60,0.0
788,2024-05-26 05:30:00+05:30,104.661,104.713,104.622,4637068728139713085,2798,61,0.0
789,2024-05-27 05:30:00+05:30,104.71,104.725,104.513,4637056272871993639,20179,61,0.0
790,2024-05-28 05:30:00+05:30,104.531,104.64,104.303,4637063731958876471,32043,61,0.0
791,2024-05-29 05:30:00+05:30,104.639,105.115,104.557,4637096312687430730,35029,60,0.0
792,2024-05-30 05:30:00+05:30,105.103,105.154,104.6,4637071120677015126,37094,60,0.0
793,2024-05-31 05:30:00+05:30,104.744,104.869,104.329,4637057258034412126,39024,61,0.0
794,2024-06-02 05:30:00+05:30,104.553,104.586,104.526,4637057328403156304,3242,61,0.0
795,2024-06-03 05:30:00+05:30,104.549,104.737,103.983,4637019892231253787,37425,61,0.0
796,2024-06-04 05:30:00+05:30,104.016,104.307,103.962,4637027280949392441,44011,61,0.0
797,2024-06-05 05:30:00+05:30,104.121,104.43,104.09,4637034458561298563,38734,61,0.0
798,2024-06-06 05:30:00+05:30,104.223,104.347,104.017,4637024114355904446,37002,62,0.0
799,2024-06-07 05:30:00+05:30,104.078,104.913,103.967,4637079705663804801,44138,61,0.0
800,2024-06-09 05:30:00+05:30,104.962,105.105,104.954,4637091386875338293,4607,61,0.0
801,2024-06-10 05:30:00+05:30,105.033,105.356,104.997,4637096946006128329,33377,61,0.0
802,2024-06-11 05:30:00+05:30,105.111,105.43,105.061,4637105953205383070,34558,59,0.0
803,2024-06-12 05:30:00+05:30,105.24,105.292,104.223,4637065631914969268,67803,62,0.0
804,2024-06-13 05:30:00+05:30,104.666,105.257,104.604,4637104405093011161,40750,62,0.0
805,2024-06-14 05:30:00+05:30,105.216,105.776,105.131,4637119956585474425,46860,62,0.0
806,2024-06-16 05:30:00+05:30,105.445,105.533,105.403,4637125586085008638,3773,62,0.0
807,2024-06-17 05:30:00+05:30,105.52,105.619,105.234,4637106305049103958,36675,62,0.0
808,2024-06-18 05:30:00+05:30,105.245,105.534,105.093,4637106305049103958,37787,59,0.0
809,2024-06-19 05:30:00+05:30,105.245,105.307,105.12,4637102223661941654,23751,62,0.0
810,2024-06-20 05:30:00+05:30,105.186,105.633,105.184,4637131708165752095,35037,62,0.0
811,2024-06-21 05:30:00+05:30,105.605,105.885,105.503,4637142615321099633,35105,62,0.0
812,2024-06-23 05:30:00+05:30,105.763,105.851,105.727,4637148878139331445,3557,62,0.0
813,2024-06-24 05:30:00+05:30,105.848,105.87,105.342,4637123123178962420,31494,62,0.0
814,2024-06-25 05:30:00+05:30,105.483,105.755,105.338,4637134171071798313,28908,62,0.0
815,2024-06-26 05:30:00+05:30,105.64,106.102,105.578,4637160840825841648,33435,62,0.0
816,2024-06-27 05:30:00+05:30,106.02,106.054,105.673,4637150004039238287,35240,62,0.0
817,2024-06-28 05:30:00+05:30,105.865,106.097,105.712,4637143881958494831,39864,61,0.0
818,2024-06-30 05:30:00+05:30,105.571,105.701,105.534,4637137970983983907,3280,62,0.0
819,2024-07-01 05:30:00+05:30,105.694,105.955,105.393,4637146626339517759,39735,61,0.0
820,2024-07-02 05:30:00+05:30,105.817,106.024,105.608,4637134734021751734,33712,58,0.0
821,2024-07-03 05:30:00+05:30,105.648,105.774,105.013,4637108486480173466,33734,61,0.0
822,2024-07-04 05:30:00+05:30,105.275,105.327,105.063,4637098353381011882,22489,59,0.0
823,2024-07-05 05:30:00+05:30,105.131,105.135,104.785,4637078368657665425,37491,62,0.0
824,2024-07-07 05:30:00+05:30,104.968,104.988,104.844,4637083787050967106,4279,62,0.0
825,2024-07-08 05:30:00+05:30,104.924,105.005,104.769,4637085546269571547,29725,59,0.0
826,2024-07-09 05:30:00+05:30,104.949,105.18,104.923,4637095820106221486,29670,57,0.0
827,2024-07-10 05:30:00+05:30,105.095,105.145,104.917,4637085124057106481,25062,59,0.0
828,2024-07-11 05:30:00+05:30,104.942,104.967,104.04,4637041636173204685,61351,61,0.0
829,2024-07-12 05:30:00+05:30,104.324,104.517,103.979,4637017358956463391,44079,61,0.0
830,2024-07-14 05:30:00+05:30,104.137,104.274,104.092,4637037484417298203,4863,61,0.0
831,2024-07-15 05:30:00+05:30,104.265,104.293,103.967,4637033965980089319,35277,60,0.0
832,2024-07-16 05:30:00+05:30,104.215,104.482,104.165,4637031714180275634,34177,60,0.0
833,2024-07-17 05:30:00+05:30,104.183,104.267,103.613,4636993785427163873,44765,60,0.0
834,2024-07-18 05:30:00+05:30,103.646,104.199,103.624,4637026999474415731,39681,60,0.0
835,2024-07-19 05:30:00+05:30,104.116,104.39,104.115,4637038610317205045,32911,60,0.0
836,2024-07-21 05:30:00+05:30,104.253,104.288,104.096,4637032066023996522,5294,60,0.0
837,2024-07-22 05:30:00+05:30,104.19,104.396,104.159,4637038117735995802,32419,60,0.0
838,2024-07-23 05:30:00+05:30,104.274,104.507,104.172,4637051135953668669,32229,60,0.0
839,2024-07-24 05:30:00+05:30,104.46,104.526,104.091,4637043606498041659,42261,59,0.0
840,2024-07-25 05:30:00+05:30,104.352,104.427,104.049,4637040299167065309,55041,59,0.0
841,2024-07-26 05:30:00+05:30,104.306,104.426,104.164,4637036499254879715,35801,59,0.0
842,2024-07-28 05:30:00+05:30,104.22,104.348,104.212,4637043184285576593,3263,59,0.0
843,2024-07-29 05:30:00+05:30,104.348,104.723,104.106,4637057187665667949,32732,59,0.0
844,2024-07-30 05:30:00+05:30,104.545,104.77,104.386,4637048673047622451,39434,59,0.0
845,2024-07-31 05:30:00+05:30,104.425,104.506,103.892,4637020525549951386,67630,60,0.0
846,2024-08-01 05:30:00+05:30,104.026,104.418,103.831,4637042691704367350,59696,60,0.0
847,2024-08-02 05:30:00+05:30,104.339,104.398,103.09,4636956912205214777,65837,59,0.0
848,2024-08-04 05:30:00+05:30,103.037,103.246,103.033,4636957193680191488,6922,60,0.0
849,2024-08-05 05:30:00+05:30,103.125,103.19,102.123,4636937490431821742,135715,59,0.0
850,2024-08-06 05:30:00+05:30,102.845,103.197,102.667,4636945230993681285,81235,60,0.0
851,2024-08-07 05:30:00+05:30,102.956,103.34,102.882,4636953815980470960,68696,60,0.0
852,2024-08-08 05:30:00+05:30,103.078,103.519,102.882,4636966411985678762,59390,59,0.0
853,2024-08-09 05:30:00+05:30,103.255,103.276,102.997,4636953745611726782,35692,60,0.0
854,2024-08-11 05:30:00+05:30,103.061,103.204,103.048,4636962471336004813,3152,60,0.0
855,2024-08-12 05:30:00+05:30,103.2,103.281,103.044,4636951986393122341,32549,60,0.0
856,2024-08-13 05:30:00+05:30,103.052,103.245,102.518,4636919124189591372,38372,60,0.0
857,2024-08-14 05:30:00+05:30,102.585,102.697,102.238,4636918701977126306,41503,59,0.0
858,2024-08-15 05:30:00+05:30,102.579,103.199,102.505,4636949382749587767,36549,59,0.0
859,2024-08-16 05:30:00+05:30,103.014,103.022,102.32,4636900828316105179,28877,59,0.0
860,2024-08-18 05:30:00+05:30,102.317,102.454,102.272,4636908146665499656,2870,60,0.0
861,2024-08-19 05:30:00+05:30,102.428,102.441,101.791,4636866699475179012,38767,60,0.0
862,2024-08-20 05:30:00+05:30,101.839,101.98,101.282,4636832641002997023,41644,60,0.0
863,2024-08-21 05:30:00+05:30,101.355,101.674,100.89,4636814415498255008,50183,60,0.0
864,2024-08-22 05:30:00+05:30,101.096,101.598,101.031,4636838481608763769,41518,59,0.0
865,2024-08-23 05:30:00+05:30,101.438,101.526,100.57,4636779934813607952,46088,59,0.0
866,2024-08-25 05:30:00+05:30,100.595,100.679,100.575,4636781975507189105,4869,53,0.0
867,2024-08-26 05:30:00+05:30,100.634,100.9,100.505,4636795486306071216,40908,53,0.0
868,2024-08-27 05:30:00+05:30,100.826,100.904,100.485,4636778105226259333,38430,53,0.0
869,2024-08-28 05:30:00+05:30,100.581,101.151,100.57,4636807308255093064,42287,54,0.0
870,2024-08-29 05:30:00+05:30,100.995,101.555,100.857,4636831374365601825,48195,54,0.0
871,2024-08-30 05:30:00+05:30,101.335,101.757,101.217,4636854947894901342,41846,54,0.0
872,2024-09-01 05:30:00+05:30,101.585,101.743,101.584,4636859521863272890,2587,57,0.0
873,2024-09-02 05:30:00+05:30,101.737,101.771,101.538,4636852696095087657,26387,57,0.0
874,2024-09-03 05:30:00+05:30,101.64,101.889,101.491,4636855299738622231,47793,55,0.0
875,2024-09-04 05:30:00+05:30,101.678,101.75,101.188,4636824337491184058,46595,57,0.0
876,2024-09-05 05:30:00+05:30,101.237,101.347,100.933,4636809278579930038,47507,56,0.0
877,2024-09-06 05:30:00+05:30,101.022,101.37,100.521,4636816808035557048,69365,57,0.0
878,2024-09-08 05:30:00+05:30,101.145,101.174,101.089,4636819693154068333,3813,60,0.0
879,2024-09-09 05:30:00+05:30,101.17,101.667,101.135,4636851359088948281,39608,60,0.0
880,2024-09-10 05:30:00+05:30,101.621,101.739,101.511,4636851007245227393,36755,60,0.0
881,2024-09-11 05:30:00+05:30,101.618,101.794,101.235,4636861140344388977,55153,59,0.0
882,2024-09-12 05:30:00+05:30,101.759,101.81,101.136,4636817441354254647,45710,54,0.0
883,2024-09-13 05:30:00+05:30,101.14,101.165,100.85,4636812867385883099,40902,59,0.0
884,2024-09-15 05:30:00+05:30,100.997,101.072,100.956,4636807378623837241,3227,59,0.0
885,2024-09-16 05:30:00+05:30,100.995,100.996,100.555,4636785142100677100,36784,59,0.0
886,2024-09-17 05:30:00+05:30,100.681,100.998,100.534,4636799708430721876,44285,57,0.0
887,2024-09-18 05:30:00+05:30,100.887,101.123,100.175,4636806886042627998,70550,59,0.0
888,2024-09-19 05:30:00+05:30,100.989,101.448,100.486,4636783031038351770,65095,56,0.0
889,2024-09-20 05:30:00+05:30,100.649,100.99,100.374,4636784719888212034,52491,59,0.0
890,2024-09-22 05:30:00+05:30,100.644,100.757,100.626,4636790560493978780,3539,59,0.0
891,2024-09-23 05:30:00+05:30,100.758,101.204,100.703,4636800904699372896,50346,59,0.0
892,2024-09-24 05:30:00+05:30,100.904,101.021,100.206,4636751857684681064,46563,59,0.0
893,2024-09-25 05:30:00+05:30,100.208,100.963,100.191,4636801889861791384,46322,53,0.0
894,2024-09-26 05:30:00+05:30,100.917,100.927,100.425,4636777401538817556,55291,59,0.0
895,2024-09-27 05:30:00+05:30,100.57,100.855,100.122,4636761075990168338,66135,59,0.0
896,2024-09-29 05:30:00+05:30,100.363,100.429,100.315,4636765790696028242,3405,60,0.0
897,2024-09-30 05:30:00+05:30,100.405,100.904,100.143,4636788308694165094,58293,56,0.0
898,2024-10-01 05:30:00+05:30,100.724,101.364,100.667,4636823774541230637,65903,59,0.0
899,2024-10-02 05:30:00+05:30,101.228,101.663,101.125,4636851851670157525,50124,59,0.0
900,2024-10-03 05:30:00+05:30,101.626,102.074,101.613,4636869936437411185,56264,59,0.0
901,2024-10-04 05:30:00+05:30,101.885,102.66,101.782,4636906598553127748,53282,59,0.0
902,2024-10-06 05:30:00+05:30,102.432,102.559,102.414,4636913353952568803,3885,59,0.0
903,2024-10-07 05:30:00+05:30,102.501,102.592,102.337,4636910046621592453,47786,59,0.0
904,2024-10-08 05:30:00+05:30,102.455,102.613,102.259,4636910820677778407,42946,59,0.0
905,2024-10-09 05:30:00+05:30,102.468,102.905,102.428,4636937771906798453,40024,59,0.0
906,2024-10-10 05:30:00+05:30,102.849,103.149,102.659,4636938616331728585,57763,53,0.0
907,2024-10-11 05:30:00+05:30,102.861,102.968,102.737,4636937912644286808,34705,59,0.0
908,2024-10-13 05:30:00+05:30,102.861,103.032,102.824,4636949804962052833,2836,60,0.0
909,2024-10-14 05:30:00+05:30,103.02,103.336,102.935,4636959797323726062,33977,60,0.0
910,2024-10-15 05:30:00+05:30,103.162,103.318,102.999,4636964652767074320,39566,60,0.0
911,2024-10-16 05:30:00+05:30,103.231,103.579,103.14,4636984215277955711,37217,56,0.0
912,2024-10-17 05:30:00+05:30,103.509,103.848,103.403,4637000963039069995,44117,57,0.0
913,2024-10-18 05:30:00+05:30,103.746,103.76,103.397,4636976333978607813,32250,59,0.0
914,2024-10-20 05:30:00+05:30,103.412,103.462,103.386,4636979289465863274,2624,59,0.0
915,2024-10-21 05:30:00+05:30,103.438,103.987,103.39,4637014051625487041,32529,58,0.0
916,2024-10-22 05:30:00+05:30,103.933,104.097,103.784,4637023762512183558,34538,59,0.0
917,2024-10-23 05:30:00+05:30,104.071,104.542,104.067,4637047969360180675,37582,59,0.0
918,2024-10-24 05:30:00+05:30,104.414,104.42,103.957,4637020314443718853,44215,59,0.0
919,2024-10-25 05:30:00+05:30,104.02,104.31,103.905,4637036780729856426,33426,59,0.0
920,2024-10-27 05:30:00+05:30,104.298,104.379,104.275,4637043887973018370,4116,59,0.0
921,2024-10-28 05:30:00+05:30,104.358,104.545,104.084,4637035021511251984,36379,59,0.0
922,2024-10-29 05:30:00+05:30,104.231,104.611,104.183,4637034247455066030,44922,59,0.0
923,2024-10-30 05:30:00+05:30,104.221,104.412,103.945,4637023410668462670,46673,58,0.0
924,2024-10-31 05:30:00+05:30,104.066,104.19,103.789,4637008914707162071,54769,58,0.0
925,2024-11-01 05:30:00+05:30,103.86,104.319,103.642,4637036499254879715,46229,58,0.0
926,2024-11-03 05:30:00+05:30,103.828,103.932,103.78,4637012433144370954,3281,60,0.0
927,2024-11-04 05:30:00+05:30,103.911,103.93,103.544,4637010955400743223,41953,58,0.0
928,2024-11-05 05:30:00+05:30,103.888,103.928,103.295,4636971126691538665,36542,58,0.0
929,2024-11-06 05:30:00+05:30,103.322,105.42,103.322,4637093779412640334,147290,58,0.0
930,2024-11-07 05:30:00+05:30,105.067,105.228,104.153,4637045295347901923,73938,58,0.0
931,2024-11-08 05:30:00+05:30,104.387,105.181,104.311,4637083505575990395,55468,58,0.0
932,2024-11-10 05:30:00+05:30,104.897,105.008,104.897,4637087446225664344,3239,63,0.0
933,2024-11-11 05:30:00+05:30,104.99,105.68,104.905,4637116367779521364,45686,59,0.0
934,2024-11-12 05:30:00+05:30,105.388,106.153,105.388,4637155774276260856,54355,59,0.0
935,2024-11-13 05:30:00+05:30,105.961,106.509,105.667,4637189199429745246,69468,58,0.0
936,2024-11-14 05:30:00+05:30,106.433,107.047,106.346,4637219176514764931,71728,58,0.0
937,2024-11-15 05:30:00+05:30,106.859,106.932,106.292,4637201654697464693,67570,59,0.0
938,2024-11-17 05:30:00+05:30,106.649,106.717,106.616,4637207847146952327,3011,78,0.0
939,2024-11-18 05:30:00+05:30,106.686,106.785,106.099,4637172662774863495,55292,59,0.0
940,2024-11-19 05:30:00+05:30,106.187,106.613,106.054,4637163725944352932,70371,59,0.0
941,2024-11-20 05:30:00+05:30,106.062,106.896,106.041,4637199684372627718,52836,57,0.0
942,2024-11-21 05:30:00+05:30,106.571,107.131,106.422,4637231491044996022,65264,59,0.0
943,2024-11-22 05:30:00+05:30,107.039,108.09,106.889,4637258160799039357,85713,59,0.0
944,2024-11-24 05:30:00+05:30,106.826,107.006,106.749,4637221991264532038,5637,84,0.0
945,2024-11-25 05:30:00+05:30,106.899,107.333,106.548,4637253094249458565,76177,59,0.0
946,2024-11-26 05:30:00+05:30,107.344,107.532,106.461,4637215658077556048,88687,59,0.0
947,2024-11-27 05:30:00+05:30,106.798,106.896,105.822,4637164500000538886,77549,59,0.0
948,2024-11-28 05:30:00+05:30,106.084,106.394,106.018,4637162318569469379,47908,58,0.0
949,2024-11-29 05:30:00+05:30,106.039,106.101,105.581,4637138815408914039,65774,59,0.0
950,2024-12-01 05:30:00+05:30,105.747,106.115,105.743,4637161403775795069,4279,38,0.0
951,2024-12-02 05:30:00+05:30,106.028,106.723,106.013,4637184343986396987,85421,29,0.0
952,2024-12-03 05:30:00+05:30,106.354,106.591,106.07,4637181388499141526,66495,29,0.0
953,2024-12-04 05:30:00+05:30,106.318,106.708,106.073,4637182162555327480,78395,29,0.0
954,2024-12-05 05:30:00+05:30,106.327,106.362,105.679,4637138604302681506,62259,29,0.0
955,2024-12-06 05:30:00+05:30,105.703,106.146,105.395,4637155492801284145,67568,29,0.0
956,2024-12-08 05:30:00+05:30,105.953,105.991,105.923,4637154718745098191,3201,41,0.0
957,2024-12-09 05:30:00+05:30,105.94,106.201,105.779,4637170410975049810,51440,29,0.0
958,2024-12-10 05:30:00+05:30,106.161,106.626,106.023,4637183429192722678,52455,29,0.0
959,2024-12-11 05:30:00+05:30,106.339,106.796,106.252,4637196869622860612,71556,29,0.0
960,2024-12-12 05:30:00+05:30,106.535,107.028,106.337,4637225580070485098,75307,29,0.0
961,2024-12-13 05:30:00+05:30,106.94,107.173,106.7,4637223820851880657,53656,29,0.0
962,2024-12-15 05:30:00+05:30,106.974,107.023,106.841,4637219457989741642,2744,35,0.0
963,2024-12-16 05:30:00+05:30,106.86,107.156,106.729,4637214602546393383,51284,29,0.0
964,2024-12-17 05:30:00+05:30,106.783,107.071,106.677,4637224243064345723,52091,28,0.0
965,2024-12-18 05:30:00+05:30,106.925,108.256,106.798,4637316777962939351,74289,29,0.0
966,2024-12-19 05:30:00+05:30,108.237,108.472,107.804,4637329444336891331,82416,29,0.0
967,2024-12-20 05:30:00+05:30,108.415,108.534,107.569,4637283704653175849,67564,29,0.0
968,2024-12-22 05:30:00+05:30,107.75,107.788,107.679,4637283915759408382,2650,34,0.0
969,2024-12-23 05:30:00+05:30,107.769,108.268,107.666,4637305941176335991,45821,29,0.0
970,2024-12-24 05:30:00+05:30,108.088,108.288,108.026,4637307630026196255,34415,29,0.0
971,2024-12-25 05:30:00+05:30,108.008,108.11,107.995,4637305448595126747,2349,68,0.0
972,2024-12-26 05:30:00+05:30,108.089,108.275,107.996,4637303407901545595,30797,59,0.0
973,2024-12-27 05:30:00+05:30,108.045,108.176,107.834,4637295104389732631,38346,59,0.0
974,2024-12-29 05:30:00+05:30,107.887,107.952,107.872,4637296300658383651,2087,73,0.0
975,2024-12-30 05:30:00+05:30,107.943,108.349,107.706,4637301437576708620,50387,60,0.0
976,2024-12-31 05:30:00+05:30,108.028,108.558,107.834,4637330992449263239,47705,60,0.0
977,2025-01-01 05:30:00+05:30,108.382,108.505,108.379,4637335003467681366,2506,67,0.0
978,2025-01-02 05:30:00+05:30,108.495,109.531,108.235,4637383557901163954,69316,59,0.0
979,2025-01-03 05:30:00+05:30,109.185,109.207,108.847,4637359984371864437,41446,60,0.0
980,2025-01-05 05:30:00+05:30,108.854,108.932,108.824,4637364769446468518,2489,87,0.0
981,2025-01-06 05:30:00+05:30,108.932,109.039,107.716,4637319311237729747,86544,59,0.0
982,2025-01-07 05:30:00+05:30,108.27,108.679,107.815,4637346966154191569,66038,55,0.0
983,2025-01-08 05:30:00+05:30,108.666,109.354,108.521,4637369624889816777,66901,59,0.0
984,2025-01-09 05:30:00+05:30,108.996,109.349,108.908,4637382080157536223,45601,60,0.0
985,2025-01-10 05:30:00+05:30,109.164,109.964,109.04,4637409453599021335,75885,60,0.0
986,2025-01-12 05:30:00+05:30,109.587,109.646,109.572,4637414731254834659,2649,55,0.0
987,2025-01-13 05:30:00+05:30,109.642,110.151,109.235,4637397068700046066,70121,60,0.0
988,2025-01-14 05:30:00+05:30,109.378,109.734,109.109,4637382291263768756,73160,60,0.0
989,2025-01-15 05:30:00+05:30,109.167,109.384,108.559,4637370328577258553,70132,60,0.0
990,2025-01-16 05:30:00+05:30,109.008,109.374,108.793,4637365824977631183,71568,60,0.0
991,2025-01-17 05:30:00+05:30,108.942,109.393,108.797,4637394042844046426,59302,60,0.0
992,2025-01-19 05:30:00+05:30,109.224,109.434,109.219,4637390665144325898,2929,75,0.0
993,2025-01-20 05:30:00+05:30,109.301,109.322,107.88,4637296933977081250,93633,60,0.0
994,2025-01-21 05:30:00+05:30,107.953,108.767,107.834,4637307841132428788,96147,56,0.0
995,2025-01-22 05:30:00+05:30,108.109,108.257,107.715,4637316215012985930,58922,60,0.0
996,2025-01-23 05:30:00+05:30,108.229,108.505,107.889,4637307559657452077,65683,60,0.0
997,2025-01-24 05:30:00+05:30,108.104,108.165,107.187,4637256542317923271,74977,60,0.0
998,2025-01-26 05:30:00+05:30,107.434,107.652,107.434,4637274275241456042,2874,79,0.0
